id,gender,race,age,path
001024,male,Asian,58,001024_male_Asian_58
006096,male,Asian,19,006096_male_Asian_19
004389,female,Asian,36,004389_female_Asian_36
006649,male,Asian,19,006649_male_Asian_19
001332,male,Asian,25,001332_male_Asian_25
005544,male,Asian,32,005544_male_Asian_32
004320,female,Asian,58,004320_female_Asian_58
006706,male,Asian,20,006706_male_Asian_20
005417,female,Asian,43,005417_female_Asian_43
001197,male,Asian,25,001197_male_Asian_25
004357,male,Asian,60,004357_male_Asian_60
004353,male,Asian,60,004353_male_Asian_60
000519,female,Asian,56,000519_female_Asian_56
003364,female,Asian,19,003364_female_Asian_19
003786,female,Asian,45,003786_female_Asian_45
001724,female,Asian,22,001724_female_Asian_22
005040,male,Asian,30,005040_male_Asian_30
003955,male,Asian,41,003955_male_Asian_41
006731,male,Asian,19,006731_male_Asian_19
001737,male,Asian,18,001737_male_Asian_18
001780,female,Asian,54,001780_female_Asian_54
003094,female,Asian,20,003094_female_Asian_20
005140,female,Asian,32,005140_female_Asian_32
003316,female,Asian,19,003316_female_Asian_19
001810,male,Asian,56,001810_male_Asian_56
003576,female,Asian,56,003576_female_Asian_56
000696,female,Asian,58,000696_female_Asian_58
001567,male,Asian,56,001567_male_Asian_56
005548,female,Asian,40,005548_female_Asian_40
005481,female,Asian,39,005481_female_Asian_39
003433,male,Asian,59,003433_male_Asian_59
001745,female,Asian,47,001745_female_Asian_47
006470,female,Asian,18,006470_female_Asian_18
001813,male,Asian,55,001813_male_Asian_55
000570,female,Asian,54,000570_female_Asian_54
000764,female,Asian,56,000764_female_Asian_56
000527,female,Asian,58,000527_female_Asian_58
001110,male,Asian,25,001110_male_Asian_25
004212,female,Asian,59,004212_female_Asian_59
001452,male,Asian,56,001452_male_Asian_56
004081,female,Asian,60,004081_female_Asian_60
003055,female,Asian,20,003055_female_Asian_20
005411,female,Asian,56,005411_female_Asian_56
005111,female,Asian,53,005111_female_Asian_53
006635,female,Asian,19,006635_female_Asian_19
003412,female,Asian,48,003412_female_Asian_48
003092,female,Asian,20,003092_female_Asian_20
004448,male,Asian,24,004448_male_Asian_24
006075,male,Asian,18,006075_male_Asian_18
006406,female,Asian,18,006406_female_Asian_18
005041,female,Asian,48,005041_female_Asian_48
001496-1,male,Asian,21,001496-1_male_Asian_21
001809,male,Asian,24,001809_male_Asian_24
001113,male,Asian,18,001113_male_Asian_18
004426,female,Asian,24,004426_female_Asian_24
001043-1,male,Asian,23,001043-1_male_Asian_23
006945,male,Asian,19,006945_male_Asian_19
003519,male,Asian,54,003519_male_Asian_54
006952,male,Asian,19,006952_male_Asian_19
000043,male,Asian,56,000043_male_Asian_56
001587,female,Asian,20,001587_female_Asian_20
001596,male,Asian,26,001596_male_Asian_26
006544,female,Asian,19,006544_female_Asian_19
004468,female,Asian,58,004468_female_Asian_58
003395,female,Asian,20,003395_female_Asian_20
000037,female,Asian,58,000037_female_Asian_58
005067-1,female,Asian,48,005067-1_female_Asian_48
001382,female,Asian,60,001382_female_Asian_60
005520,female,Asian,51,005520_female_Asian_51
004286,male,Asian,60,004286_male_Asian_60
001904,male,Asian,59,001904_male_Asian_59
001638,male,Asian,35,001638_male_Asian_35
003845,female,Asian,56,003845_female_Asian_56
003810,female,Asian,49,003810_female_Asian_49
001152,male,Asian,60,001152_male_Asian_60
004278,female,Asian,55,004278_female_Asian_55
003582,female,Asian,58,003582_female_Asian_58
001841,female,Asian,40,001841_female_Asian_40
001064,female,Asian,44,001064_female_Asian_44
006147,male,Asian,19,006147_male_Asian_19
003280,female,Asian,20,003280_female_Asian_20
001056,female,Asian,25,001056_female_Asian_25
005029,female,Asian,49,005029_female_Asian_49
001003,male,Asian,24,001003_male_Asian_24
001023,male,Asian,19,001023_male_Asian_19
003787,female,Asian,50,003787_female_Asian_50
003367,female,Asian,19,003367_female_Asian_19
006087,male,Asian,18,006087_male_Asian_18
006402,female,Asian,18,006402_female_Asian_18
001139,female,Asian,19,001139_female_Asian_19
001412,male,Asian,50,001412_male_Asian_50
001668,female,Asian,48,001668_female_Asian_48
003602,male,Asian,58,003602_male_Asian_58
005109,female,Asian,45,005109_female_Asian_45
001442,female,Asian,43,001442_female_Asian_43
003460,female,Asian,54,003460_female_Asian_54
000297,female,Asian,53,000297_female_Asian_53
001492-1,female,Asian,22,001492-1_female_Asian_22
001132,female,Asian,43,001132_female_Asian_43
004383,male,Asian,22,004383_male_Asian_22
006437,female,Asian,18,006437_female_Asian_18
004443,male,Asian,18,004443_male_Asian_18
006396,male,Asian,19,006396_male_Asian_19
004384,female,Asian,60,004384_female_Asian_60
001306,male,Asian,20,001306_male_Asian_20
005227,male,Asian,22,005227_male_Asian_22
003196,female,Asian,20,003196_female_Asian_20
001508,male,Asian,18,001508_male_Asian_18
003768,female,Asian,50,003768_female_Asian_50
004453,male,Asian,52,004453_male_Asian_52
003353,female,Asian,19,003353_female_Asian_19
005004,female,Asian,30,005004_female_Asian_30
005426,female,Asian,50,005426_female_Asian_50
000062,female,Asian,55,000062_female_Asian_55
003457,female,Asian,45,003457_female_Asian_45
001036,female,Asian,25,001036_female_Asian_25
003756,female,Asian,48,003756_female_Asian_48
001179-1,female,Asian,24,001179-1_female_Asian_24
001481,male,Asian,55,001481_male_Asian_55
006444,female,Asian,18,006444_female_Asian_18
006439,female,Asian,18,006439_female_Asian_18
004282,male,Asian,60,004282_male_Asian_60
001499,female,Asian,23,001499_female_Asian_23
001541,female,Asian,23,001541_female_Asian_23
000568,female,Asian,54,000568_female_Asian_54
000714,female,Asian,51,000714_female_Asian_51
000217,female,Asian,54,000217_female_Asian_54
005442,female,Asian,22,005442_female_Asian_22
005085,male,Asian,58,005085_male_Asian_58
006179,female,Asian,18,006179_female_Asian_18
003823,male,Asian,48,003823_male_Asian_48
005091,female,Asian,29,005091_female_Asian_29
004490,male,Asian,21,004490_male_Asian_21
001641,male,Asian,18,001641_male_Asian_18
005416,female,Asian,48,005416_female_Asian_48
000070,female,Asian,58,000070_female_Asian_58
003586,male,Asian,60,003586_male_Asian_60
006381,male,Asian,19,006381_male_Asian_19
006099,male,Asian,19,006099_male_Asian_19
001475,female,Asian,60,001475_female_Asian_60
001763,female,Asian,42,001763_female_Asian_42
005073,female,Asian,35,005073_female_Asian_35
006584,female,Asian,20,006584_female_Asian_20
000596,female,Asian,55,000596_female_Asian_55
004470,female,Asian,19,004470_female_Asian_19
006006,female,Asian,18,006006_female_Asian_18
003702,female,Asian,60,003702_female_Asian_60
003636,male,Asian,60,003636_male_Asian_60
003445,female,Asian,58,003445_female_Asian_58
001028,female,Asian,25,001028_female_Asian_25
001607,female,Asian,18,001607_female_Asian_18
001812,male,Asian,21,001812_male_Asian_21
004333,male,Asian,57,004333_male_Asian_57
005447,female,Asian,52,005447_female_Asian_52
003413,female,Asian,52,003413_female_Asian_52
006442,female,Asian,18,006442_female_Asian_18
001018,female,Asian,25,001018_female_Asian_25
000336,female,Asian,56,000336_female_Asian_56
005014,female,Asian,35,005014_female_Asian_35
004331,female,Asian,48,004331_female_Asian_48
003158,female,Asian,20,003158_female_Asian_20
003731,female,Asian,60,003731_female_Asian_60
003796,female,Asian,26,003796_female_Asian_26
000622,male,Asian,56,000622_male_Asian_56
000009,female,Asian,56,000009_female_Asian_56
004459,female,Asian,60,004459_female_Asian_60
001615,female,Asian,18,001615_female_Asian_18
001600,male,Asian,23,001600_male_Asian_23
005288,male,Asian,22,005288_male_Asian_22
006241,male,Asian,20,006241_male_Asian_20
005497,male,Asian,56,005497_male_Asian_56
001082,female,Asian,51,001082_female_Asian_51
003715,male,Asian,60,003715_male_Asian_60
003396,female,Asian,20,003396_female_Asian_20
003767,female,Asian,52,003767_female_Asian_52
006433,female,Asian,18,006433_female_Asian_18
004412,male,Asian,19,004412_male_Asian_19
003245,female,Asian,19,003245_female_Asian_19
005053,female,Asian,58,005053_female_Asian_58
006612,male,Asian,19,006612_male_Asian_19
003736,female,Asian,60,003736_female_Asian_60
000656,female,Asian,57,000656_female_Asian_57
000772,female,Asian,54,000772_female_Asian_54
000066,female,Asian,53,000066_female_Asian_53
000249,male,Asian,53,000249_male_Asian_53
001970,male,Asian,21,001970_male_Asian_21
003676,male,Asian,58,003676_male_Asian_58
003642,male,Asian,59,003642_male_Asian_59
003166,female,Asian,20,003166_female_Asian_20
000722,female,Asian,56,000722_female_Asian_56
000001,female,Asian,45,000001_female_Asian_45
004309,female,Asian,56,004309_female_Asian_56
006454,female,Asian,18,006454_female_Asian_18
005453,female,Asian,60,005453_female_Asian_60
003861,female,Asian,56,003861_female_Asian_56
003152,female,Asian,19,003152_female_Asian_19
000045,female,Asian,56,000045_female_Asian_56
000664,female,Asian,55,000664_female_Asian_55
005052,male,Asian,46,005052_male_Asian_46
001162,male,Asian,23,001162_male_Asian_23
000689,female,Asian,57,000689_female_Asian_57
003943,male,Asian,54,003943_male_Asian_54
006164,female,Asian,19,006164_female_Asian_19
001044,female,Asian,25,001044_female_Asian_25
006545,female,Asian,20,006545_female_Asian_20
003432,female,Asian,52,003432_female_Asian_52
000020,female,Asian,50,000020_female_Asian_50
000240,male,Asian,57,000240_male_Asian_57
001583,female,Asian,27,001583_female_Asian_27
003727,male,Asian,60,003727_male_Asian_60
006071,male,Asian,20,006071_male_Asian_20
003050,female,Asian,20,003050_female_Asian_20
001145,male,Asian,20,001145_male_Asian_20
001817,male,Asian,23,001817_male_Asian_23
000276,female,Asian,58,000276_female_Asian_58
001754,female,Asian,43,001754_female_Asian_43
004004,male,Asian,59,004004_male_Asian_59
004260,female,Asian,60,004260_female_Asian_60
006489,female,Asian,18,006489_female_Asian_18
001422,male,Asian,58,001422_male_Asian_58
003882,female,Asian,36,003882_female_Asian_36
001663,male,Asian,23,001663_male_Asian_23
001495-1,male,Asian,21,001495-1_male_Asian_21
001401,male,Asian,48,001401_male_Asian_48
001593,female,Asian,60,001593_female_Asian_60
001246,male,Asian,22,001246_male_Asian_22
003266,female,Asian,20,003266_female_Asian_20
003874,male,Asian,60,003874_male_Asian_60
005084,female,Asian,28,005084_female_Asian_28
005406,male,Asian,24,005406_male_Asian_24
006095,male,Asian,18,006095_male_Asian_18
001012,female,Asian,18,001012_female_Asian_18
000726,female,Asian,56,000726_female_Asian_56
001364,male,Asian,28,001364_male_Asian_28
001864,female,Asian,26,001864_female_Asian_26
001248,female,Asian,26,001248_female_Asian_26
001494,male,Asian,60,001494_male_Asian_60
000809,male,Asian,51,000809_male_Asian_51
003279,female,Asian,19,003279_female_Asian_19
001198,male,Asian,26,001198_male_Asian_26
003801,female,Asian,49,003801_female_Asian_49
003799,female,Asian,54,003799_female_Asian_54
005281,male,Asian,22,005281_male_Asian_22
005183,female,Asian,20,005183_female_Asian_20
003305,female,Asian,19,003305_female_Asian_19
006691,male,Asian,19,006691_male_Asian_19
001576,female,Asian,24,001576_female_Asian_24
004373,male,Asian,60,004373_male_Asian_60
004485,male,Asian,57,004485_male_Asian_57
006622,male,Asian,19,006622_male_Asian_19
001490,female,Asian,59,001490_female_Asian_59
005019,female,Asian,54,005019_female_Asian_54
005295,male,Asian,29,005295_male_Asian_29
003102,female,Asian,20,003102_female_Asian_20
001190,male,Asian,24,001190_male_Asian_24
001899,male,Asian,50,001899_male_Asian_50
001531,female,Asian,26,001531_female_Asian_26
004075,male,Asian,54,004075_male_Asian_54
001986,female,Asian,56,001986_female_Asian_56
001351,male,Asian,24,001351_male_Asian_24
001221,male,Asian,19,001221_male_Asian_19
001173,male,Asian,30,001173_male_Asian_30
001775,male,Asian,58,001775_male_Asian_58
006387,male,Asian,19,006387_male_Asian_19
001501,male,Asian,18,001501_male_Asian_18
001027,male,Asian,55,001027_male_Asian_55
004390,female,Asian,51,004390_female_Asian_51
001004,female,Asian,23,001004_female_Asian_23
003330,female,Asian,19,003330_female_Asian_19
001367,male,Asian,21,001367_male_Asian_21
001611,male,Asian,23,001611_male_Asian_23
006407,female,Asian,18,006407_female_Asian_18
006462,female,Asian,18,006462_female_Asian_18
001227,male,Asian,24,001227_male_Asian_24
004076,female,Asian,54,004076_female_Asian_54
000576,female,Asian,56,000576_female_Asian_56
001287,male,Asian,26,001287_male_Asian_26
003304,female,Asian,19,003304_female_Asian_19
001769,male,Asian,51,001769_male_Asian_51
004306,female,Asian,42,004306_female_Asian_42
000263,female,Asian,48,000263_female_Asian_48
001762,male,Asian,40,001762_male_Asian_40
000595,male,Asian,56,000595_male_Asian_56
006504,female,Asian,20,006504_female_Asian_20
006497,female,Asian,18,006497_female_Asian_18
000613,male,Asian,51,000613_male_Asian_51
005405,female,Asian,20,005405_female_Asian_20
000218,female,Asian,59,000218_female_Asian_59
006721,male,Asian,20,006721_male_Asian_20
001214,male,Asian,25,001214_male_Asian_25
004222,female,Asian,55,004222_female_Asian_55
000750,female,Asian,52,000750_female_Asian_52
001868,female,Asian,52,001868_female_Asian_52
006610,male,Asian,19,006610_male_Asian_19
003628,male,Asian,58,003628_male_Asian_58
003879,female,Asian,51,003879_female_Asian_51
001029,male,Asian,59,001029_male_Asian_59
000518,female,Asian,55,000518_female_Asian_55
003526,male,Asian,60,003526_male_Asian_60
003239,female,Asian,20,003239_female_Asian_20
003276,female,Asian,19,003276_female_Asian_19
001104,female,Asian,58,001104_female_Asian_58
004422,female,Asian,20,004422_female_Asian_20
000602,female,Asian,50,000602_female_Asian_50
003615,male,Asian,59,003615_male_Asian_59
001546,male,Asian,26,001546_male_Asian_26
001101,male,Asian,60,001101_male_Asian_60
006654,male,Asian,19,006654_male_Asian_19
003346,female,Asian,19,003346_female_Asian_19
001008,female,Asian,58,001008_female_Asian_58
001647-1,female,Asian,56,001647-1_female_Asian_56
003377,female,Asian,20,003377_female_Asian_20
000031,female,Asian,54,000031_female_Asian_54
004447,male,Asian,24,004447_male_Asian_24
003038,female,Asian,20,003038_female_Asian_20
005051,female,Asian,26,005051_female_Asian_26
001542,female,Asian,25,001542_female_Asian_25
005294,male,Asian,56,005294_male_Asian_56
005446,female,Asian,60,005446_female_Asian_60
003259,female,Asian,20,003259_female_Asian_20
001119,female,Asian,27,001119_female_Asian_27
001024-1,female,Asian,24,001024-1_female_Asian_24
003583,female,Asian,60,003583_female_Asian_60
000732,female,Asian,54,000732_female_Asian_54
001092,female,Asian,18,001092_female_Asian_18
003391,female,Asian,20,003391_female_Asian_20
004456,female,Asian,60,004456_female_Asian_60
006222,male,Asian,19,006222_male_Asian_19
001021,female,Asian,58,001021_female_Asian_58
006616,male,Asian,20,006616_male_Asian_20
001378,female,Asian,55,001378_female_Asian_55
005423,male,Asian,38,005423_male_Asian_38
001076,male,Asian,48,001076_male_Asian_48
005266,male,Asian,22,005266_male_Asian_22
001019,male,Asian,29,001019_male_Asian_29
003921,male,Asian,59,003921_male_Asian_59
005479,male,Asian,45,005479_male_Asian_45
006094,male,Asian,19,006094_male_Asian_19
000296,female,Asian,57,000296_female_Asian_57
003010,female,Asian,20,003010_female_Asian_20
006729,male,Asian,19,006729_male_Asian_19
000686,female,Asian,52,000686_female_Asian_52
001060,female,Asian,25,001060_female_Asian_25
001430,male,Asian,52,001430_male_Asian_52
001070,female,Asian,58,001070_female_Asian_58
003643,male,Asian,58,003643_male_Asian_58
005123,female,Asian,54,005123_female_Asian_54
003314,female,Asian,20,003314_female_Asian_20
005020,female,Asian,29,005020_female_Asian_29
001325,female,Asian,23,001325_female_Asian_23
005130,female,Asian,29,005130_female_Asian_29
005407,female,Asian,26,005407_female_Asian_26
005422,female,Asian,50,005422_female_Asian_50
003112,female,Asian,20,003112_female_Asian_20
000571,male,Asian,51,000571_male_Asian_51
006684,male,Asian,19,006684_male_Asian_19
006468,female,Asian,18,006468_female_Asian_18
000817,female,Asian,52,000817_female_Asian_52
006529,female,Asian,20,006529_female_Asian_20
005534,female,Asian,40,005534_female_Asian_40
001827,male,Asian,18,001827_male_Asian_18
001030,male,Asian,26,001030_male_Asian_26
006942,male,Asian,19,006942_male_Asian_19
003513,male,Asian,57,003513_male_Asian_57
001548,female,Asian,24,001548_female_Asian_24
003479,male,Asian,25,003479_male_Asian_25
005221,male,Asian,21,005221_male_Asian_21
006417,female,Asian,18,006417_female_Asian_18
001588,female,Asian,18,001588_female_Asian_18
005428,female,Asian,48,005428_female_Asian_48
005238,male,Asian,25,005238_male_Asian_25
006603,male,Asian,19,006603_male_Asian_19
001565,male,Asian,60,001565_male_Asian_60
003854,female,Asian,47,003854_female_Asian_47
000760,female,Asian,50,000760_female_Asian_50
004269,male,Asian,52,004269_male_Asian_52
005471,female,Asian,38,005471_female_Asian_38
001254,female,Asian,24,001254_female_Asian_24
000534,female,Asian,50,000534_female_Asian_50
006651,male,Asian,19,006651_male_Asian_19
003128,female,Asian,19,003128_female_Asian_19
003728,female,Asian,60,003728_female_Asian_60
001215,male,Asian,19,001215_male_Asian_19
001488,female,Asian,57,001488_female_Asian_57
003187,female,Asian,20,003187_female_Asian_20
000615,male,Asian,56,000615_male_Asian_56
000606,female,Asian,58,000606_female_Asian_58
001647,male,Asian,46,001647_male_Asian_46
003306,female,Asian,20,003306_female_Asian_20
001514,female,Asian,22,001514_female_Asian_22
000264,female,Asian,51,000264_female_Asian_51
006730,male,Asian,19,006730_male_Asian_19
001881,female,Asian,50,001881_female_Asian_50
003652,male,Asian,56,003652_male_Asian_56
006627,female,Asian,19,006627_female_Asian_19
006405,female,Asian,18,006405_female_Asian_18
001798,male,Asian,23,001798_male_Asian_23
006167,female,Asian,18,006167_female_Asian_18
001511,female,Asian,20,001511_female_Asian_20
005425,female,Asian,40,005425_female_Asian_40
006141,male,Asian,19,006141_male_Asian_19
001614,female,Asian,44,001614_female_Asian_44
003138,female,Asian,20,003138_female_Asian_20
003557,female,Asian,51,003557_female_Asian_51
001498,female,Asian,59,001498_female_Asian_59
001715,male,Asian,43,001715_male_Asian_43
006351,female,Asian,18,006351_female_Asian_18
006746,male,Asian,19,006746_male_Asian_19
006129,male,Asian,20,006129_male_Asian_20
000827,female,Asian,55,000827_female_Asian_55
003827,female,Asian,60,003827_female_Asian_60
000262,male,Asian,56,000262_male_Asian_56
006060,female,Asian,19,006060_female_Asian_19
000808,male,Asian,54,000808_male_Asian_54
001147,male,Asian,35,001147_male_Asian_35
001657,female,Asian,18,001657_female_Asian_18
003307,female,Asian,19,003307_female_Asian_19
003655,male,Asian,59,003655_male_Asian_59
003300,female,Asian,19,003300_female_Asian_19
001851,male,Asian,25,001851_male_Asian_25
006004,male,Asian,18,006004_male_Asian_18
003773,female,Asian,50,003773_female_Asian_50
005511,female,Asian,35,005511_female_Asian_35
004213,female,Asian,60,004213_female_Asian_60
001029-1,female,Asian,23,001029-1_female_Asian_23
001122,male,Asian,25,001122_male_Asian_25
006615,male,Asian,19,006615_male_Asian_19
000567,female,Asian,51,000567_female_Asian_51
003389,female,Asian,19,003389_female_Asian_19
001277,male,Asian,24,001277_male_Asian_24
001702,female,Asian,24,001702_female_Asian_24
003528,male,Asian,60,003528_male_Asian_60
004439,female,Asian,22,004439_female_Asian_22
000713,female,Asian,51,000713_female_Asian_51
004094,male,Asian,60,004094_male_Asian_60
001149,female,Asian,20,001149_female_Asian_20
003560,male,Asian,55,003560_male_Asian_55
005408,male,Asian,28,005408_male_Asian_28
001017,male,Asian,24,001017_male_Asian_24
005547,male,Asian,56,005547_male_Asian_56
004288,female,Asian,60,004288_female_Asian_60
003007,female,Asian,19,003007_female_Asian_19
003725,male,Asian,58,003725_male_Asian_58
003294,female,Asian,19,003294_female_Asian_19
001497,male,Asian,60,001497_male_Asian_60
001310,female,Asian,25,001310_female_Asian_25
000531,female,Asian,56,000531_female_Asian_56
006554,female,Asian,20,006554_female_Asian_20
001792,male,Asian,26,001792_male_Asian_26
003746,male,Asian,50,003746_male_Asian_50
000820,female,Asian,51,000820_female_Asian_51
005419,female,Asian,38,005419_female_Asian_38
005458,male,Asian,52,005458_male_Asian_52
003784,female,Asian,47,003784_female_Asian_47
001589,male,Asian,24,001589_male_Asian_24
006665,male,Asian,19,006665_male_Asian_19
003429,female,Asian,51,003429_female_Asian_51
000274,female,Asian,54,000274_female_Asian_54
005473,female,Asian,51,005473_female_Asian_51
001118,female,Asian,19,001118_female_Asian_19
003856,female,Asian,54,003856_female_Asian_54
001102,female,Asian,60,001102_female_Asian_60
005228,male,Asian,23,005228_male_Asian_23
004418,male,Asian,20,004418_male_Asian_20
006510,male,Asian,19,006510_male_Asian_19
004277,male,Asian,60,004277_male_Asian_60
003516,male,Asian,57,003516_male_Asian_57
006101,male,Asian,19,006101_male_Asian_19
001033,female,Asian,19,001033_female_Asian_19
001603,male,Asian,23,001603_male_Asian_23
004027,male,Asian,59,004027_male_Asian_59
006934,male,Asian,19,006934_male_Asian_19
006355,female,Asian,18,006355_female_Asian_18
001223,female,Asian,21,001223_female_Asian_21
003397,female,Asian,20,003397_female_Asian_20
001413,male,Asian,57,001413_male_Asian_57
001464,male,Asian,60,001464_male_Asian_60
000786,female,Asian,50,000786_female_Asian_50
003542,male,Asian,58,003542_male_Asian_58
003554,female,Asian,59,003554_female_Asian_59
005143,female,Asian,29,005143_female_Asian_29
000717,female,Asian,51,000717_female_Asian_51
006132,male,Asian,19,006132_male_Asian_19
001210,male,Asian,25,001210_male_Asian_25
001257,male,Asian,25,001257_male_Asian_25
003268,female,Asian,20,003268_female_Asian_20
005118,female,Asian,28,005118_female_Asian_28
003289,female,Asian,19,003289_female_Asian_19
003237,female,Asian,19,003237_female_Asian_19
001822,female,Asian,18,001822_female_Asian_18
003993,male,Asian,57,003993_male_Asian_57
003378,female,Asian,19,003378_female_Asian_19
000038,female,Asian,58,000038_female_Asian_58
001193,male,Asian,21,001193_male_Asian_21
003514,male,Asian,59,003514_male_Asian_59
001646,female,Asian,22,001646_female_Asian_22
004088,female,Asian,60,004088_female_Asian_60
005001,female,Asian,28,005001_female_Asian_28
000548,female,Asian,53,000548_female_Asian_53
003401,female,Asian,49,003401_female_Asian_49
006086,male,Asian,19,006086_male_Asian_19
004424,male,Asian,19,004424_male_Asian_19
001918,male,Asian,50,001918_male_Asian_50
001700,male,Asian,33,001700_male_Asian_33
003859,male,Asian,60,003859_male_Asian_60
004340,female,Asian,60,004340_female_Asian_60
001453,male,Asian,56,001453_male_Asian_56
003078,female,Asian,20,003078_female_Asian_20
003463,male,Asian,57,003463_male_Asian_57
001114,male,Asian,26,001114_male_Asian_26
003155,female,Asian,19,003155_female_Asian_19
004285,male,Asian,60,004285_male_Asian_60
003024,female,Asian,20,003024_female_Asian_20
004336,male,Asian,35,004336_male_Asian_35
006617,male,Asian,19,006617_male_Asian_19
006383,male,Asian,19,006383_male_Asian_19
000549,female,Asian,58,000549_female_Asian_58
000014,female,Asian,58,000014_female_Asian_58
006905,male,Asian,19,006905_male_Asian_19
006225,male,Asian,19,006225_male_Asian_19
001293,female,Asian,24,001293_female_Asian_24
000653,female,Asian,52,000653_female_Asian_52
001042,male,Asian,19,001042_male_Asian_19
001594,male,Asian,58,001594_male_Asian_58
001192,male,Asian,23,001192_male_Asian_23
001330,female,Asian,28,001330_female_Asian_28
004263,female,Asian,58,004263_female_Asian_58
000513,female,Asian,58,000513_female_Asian_58
001170,female,Asian,55,001170_female_Asian_55
001451,female,Asian,52,001451_female_Asian_52
000650,male,Asian,54,000650_male_Asian_54
001096,male,Asian,22,001096_male_Asian_22
003808,male,Asian,50,003808_male_Asian_50
001105,male,Asian,25,001105_male_Asian_25
006744,male,Asian,20,006744_male_Asian_20
001791,male,Asian,24,001791_male_Asian_24
001338,female,Asian,54,001338_female_Asian_54
001471,female,Asian,60,001471_female_Asian_60
006676,male,Asian,20,006676_male_Asian_20
005067,female,Asian,58,005067_female_Asian_58
003852,female,Asian,42,003852_female_Asian_42
003828,female,Asian,29,003828_female_Asian_29
005524,female,Asian,38,005524_female_Asian_38
004386,female,Asian,60,004386_female_Asian_60
004393,male,Asian,60,004393_male_Asian_60
005047,female,Asian,26,005047_female_Asian_26
003548,male,Asian,41,003548_male_Asian_41
004079,male,Asian,53,004079_male_Asian_53
003039,female,Asian,19,003039_female_Asian_19
001537,male,Asian,60,001537_male_Asian_60
003376,female,Asian,19,003376_female_Asian_19
006133,male,Asian,19,006133_male_Asian_19
001288,female,Asian,23,001288_female_Asian_23
003802,female,Asian,53,003802_female_Asian_53
006151,male,Asian,19,006151_male_Asian_19
004248,female,Asian,38,004248_female_Asian_38
003220,female,Asian,20,003220_female_Asian_20
003403,male,Asian,52,003403_male_Asian_52
005240,male,Asian,18,005240_male_Asian_18
003857,male,Asian,58,003857_male_Asian_58
000226,female,Asian,58,000226_female_Asian_58
006494,female,Asian,18,006494_female_Asian_18
005262,male,Asian,20,005262_male_Asian_20
006673,male,Asian,19,006673_male_Asian_19
006392,male,Asian,19,006392_male_Asian_19
001359,male,Asian,26,001359_male_Asian_26
000830,female,Asian,55,000830_female_Asian_55
006596,male,Asian,19,006596_male_Asian_19
005443,female,Asian,23,005443_female_Asian_23
003718,female,Asian,60,003718_female_Asian_60
001905,female,Asian,52,001905_female_Asian_52
000255,female,Asian,59,000255_female_Asian_59
004074,male,Asian,59,004074_male_Asian_59
003942,male,Asian,59,003942_male_Asian_59
004265,male,Asian,60,004265_male_Asian_60
004026,male,Asian,59,004026_male_Asian_59
006526,male,Asian,19,006526_male_Asian_19
001282,female,Asian,18,001282_female_Asian_18
006403,female,Asian,18,006403_female_Asian_18
001643,female,Asian,21,001643_female_Asian_21
003071,female,Asian,20,003071_female_Asian_20
001971,male,Asian,21,001971_male_Asian_21
003839,male,Asian,59,003839_male_Asian_59
006486,female,Asian,18,006486_female_Asian_18
003299,female,Asian,20,003299_female_Asian_20
004230,female,Asian,60,004230_female_Asian_60
000665,female,Asian,54,000665_female_Asian_54
003331,female,Asian,20,003331_female_Asian_20
000815,female,Asian,51,000815_female_Asian_51
003441,female,Asian,50,003441_female_Asian_50
005035,female,Asian,49,005035_female_Asian_49
000215,female,Asian,59,000215_female_Asian_59
000079,female,Asian,57,000079_female_Asian_57
000499,female,Asian,58,000499_female_Asian_58
006611,male,Asian,20,006611_male_Asian_20
006461,female,Asian,18,006461_female_Asian_18
001815,male,Asian,26,001815_male_Asian_26
000737,female,Asian,56,000737_female_Asian_56
006369,male,Asian,19,006369_male_Asian_19
005251,male,Asian,20,005251_male_Asian_20
003197,female,Asian,19,003197_female_Asian_19
001979,female,Asian,29,001979_female_Asian_29
000286,female,Asian,51,000286_female_Asian_51
006471,female,Asian,18,006471_female_Asian_18
003081,female,Asian,20,003081_female_Asian_20
004242,female,Asian,53,004242_female_Asian_53
000275,female,Asian,54,000275_female_Asian_54
006597,male,Asian,19,006597_male_Asian_19
003860,male,Asian,54,003860_male_Asian_54
003824,female,Asian,36,003824_female_Asian_36
003182,female,Asian,20,003182_female_Asian_20
005102,female,Asian,58,005102_female_Asian_58
003058,female,Asian,20,003058_female_Asian_20
000594,female,Asian,57,000594_female_Asian_57
003509,male,Asian,54,003509_male_Asian_54
003712,male,Asian,60,003712_male_Asian_60
006946,male,Asian,20,006946_male_Asian_20
001558,female,Asian,57,001558_female_Asian_57
003106,female,Asian,20,003106_female_Asian_20
004089,female,Asian,60,004089_female_Asian_60
003598,male,Asian,58,003598_male_Asian_58
000592,female,Asian,57,000592_female_Asian_57
004481,male,Asian,29,004481_male_Asian_29
003846,female,Asian,57,003846_female_Asian_57
001195,female,Asian,22,001195_female_Asian_22
003735,male,Asian,60,003735_male_Asian_60
003508,male,Asian,59,003508_male_Asian_59
001756,male,Asian,59,001756_male_Asian_59
003329,female,Asian,19,003329_female_Asian_19
001091,female,Asian,19,001091_female_Asian_19
005263,male,Asian,20,005263_male_Asian_20
005499,male,Asian,55,005499_male_Asian_55
000560,female,Asian,55,000560_female_Asian_55
005552,female,Asian,35,005552_female_Asian_35
006385,male,Asian,19,006385_male_Asian_19
006395,male,Asian,19,006395_male_Asian_19
006261,female,Asian,20,006261_female_Asian_20
000739,female,Asian,52,000739_female_Asian_52
004471,female,Asian,20,004471_female_Asian_20
001376,female,Asian,58,001376_female_Asian_58
003175,female,Asian,20,003175_female_Asian_20
006235,male,Asian,20,006235_male_Asian_20
006366,male,Asian,19,006366_male_Asian_19
006493,female,Asian,18,006493_female_Asian_18
006646,male,Asian,19,006646_male_Asian_19
003341,female,Asian,19,003341_female_Asian_19
003762,female,Asian,44,003762_female_Asian_44
000067,female,Asian,54,000067_female_Asian_54
003427,female,Asian,52,003427_female_Asian_52
001181,male,Asian,22,001181_male_Asian_22
001368,female,Asian,22,001368_female_Asian_22
004303,male,Asian,60,004303_male_Asian_60
001130,male,Asian,23,001130_male_Asian_23
001729,male,Asian,51,001729_male_Asian_51
003947,male,Asian,52,003947_male_Asian_52
006363,female,Asian,18,006363_female_Asian_18
001141,male,Asian,23,001141_male_Asian_23
005231,male,Asian,19,005231_male_Asian_19
001555,female,Asian,59,001555_female_Asian_59
003184,female,Asian,20,003184_female_Asian_20
003695,male,Asian,49,003695_male_Asian_49
001135,male,Asian,23,001135_male_Asian_23
000771,female,Asian,58,000771_female_Asian_58
004324,female,Asian,60,004324_female_Asian_60
003398,female,Asian,19,003398_female_Asian_19
003559,female,Asian,56,003559_female_Asian_56
006410,female,Asian,18,006410_female_Asian_18
003082,female,Asian,19,003082_female_Asian_19
004388,female,Asian,45,004388_female_Asian_45
001090,male,Asian,34,001090_male_Asian_34
005028,male,Asian,52,005028_male_Asian_52
001826,female,Asian,25,001826_female_Asian_25
003243,female,Asian,19,003243_female_Asian_19
000731,male,Asian,58,000731_male_Asian_58
001390,male,Asian,56,001390_male_Asian_56
003468,female,Asian,57,003468_female_Asian_57
003180,female,Asian,19,003180_female_Asian_19
006607,male,Asian,19,006607_male_Asian_19
004354,male,Asian,60,004354_male_Asian_60
006533,female,Asian,20,006533_female_Asian_20
001482,female,Asian,60,001482_female_Asian_60
006728,male,Asian,19,006728_male_Asian_19
003068,female,Asian,20,003068_female_Asian_20
000277,female,Asian,54,000277_female_Asian_54
003517,male,Asian,58,003517_male_Asian_58
003041,female,Asian,20,003041_female_Asian_20
001989,male,Asian,50,001989_male_Asian_50
005523,male,Asian,52,005523_male_Asian_52
004352,male,Asian,18,004352_male_Asian_18
005291,male,Asian,51,005291_male_Asian_51
003097,female,Asian,20,003097_female_Asian_20
003392,female,Asian,19,003392_female_Asian_19
003324,female,Asian,20,003324_female_Asian_20
003570,female,Asian,60,003570_female_Asian_60
006440,female,Asian,18,006440_female_Asian_18
003482,female,Asian,57,003482_female_Asian_57
003171,female,Asian,19,003171_female_Asian_19
001084,female,Asian,26,001084_female_Asian_26
001251,male,Asian,19,001251_male_Asian_19
000773,female,Asian,57,000773_female_Asian_57
001592,male,Asian,59,001592_male_Asian_59
001658,female,Asian,19,001658_female_Asian_19
005151,female,Asian,32,005151_female_Asian_32
006422,female,Asian,20,006422_female_Asian_20
004368,female,Asian,54,004368_female_Asian_54
003031,female,Asian,19,003031_female_Asian_19
006928,male,Asian,19,006928_male_Asian_19
004006,male,Asian,54,004006_male_Asian_54
005018,female,Asian,49,005018_female_Asian_49
005282,male,Asian,19,005282_male_Asian_19
000028,female,Asian,58,000028_female_Asian_58
001389,male,Asian,21,001389_male_Asian_21
004252,male,Asian,60,004252_male_Asian_60
003390,female,Asian,20,003390_female_Asian_20
003339,female,Asian,19,003339_female_Asian_19
001362,female,Asian,28,001362_female_Asian_28
003818,female,Asian,50,003818_female_Asian_50
001741,female,Asian,44,001741_female_Asian_44
003737,female,Asian,40,003737_female_Asian_40
003812,male,Asian,52,003812_male_Asian_52
003505,male,Asian,52,003505_male_Asian_52
006360,female,Asian,18,006360_female_Asian_18
005489,female,Asian,43,005489_female_Asian_43
000597,male,Asian,57,000597_male_Asian_57
003473,male,Asian,52,003473_male_Asian_52
001517-1,female,Asian,23,001517-1_female_Asian_23
001720,female,Asian,18,001720_female_Asian_18
006339,female,Asian,18,006339_female_Asian_18
006737,female,Asian,19,006737_female_Asian_19
005031,male,Asian,58,005031_male_Asian_58
006166,female,Asian,19,006166_female_Asian_19
005245,male,Asian,20,005245_male_Asian_20
004425,female,Asian,56,004425_female_Asian_56
006230,male,Asian,19,006230_male_Asian_19
000635,female,Asian,58,000635_female_Asian_58
003997,male,Asian,59,003997_male_Asian_59
000309,male,Asian,29,000309_male_Asian_29
006694,female,Asian,19,006694_female_Asian_19
000280,female,Asian,54,000280_female_Asian_54
003619,male,Asian,57,003619_male_Asian_57
000711,female,Asian,53,000711_female_Asian_53
003914,male,Asian,41,003914_male_Asian_41
003664,male,Asian,60,003664_male_Asian_60
000334,female,Asian,52,000334_female_Asian_52
000302,female,Asian,56,000302_female_Asian_56
004206,male,Asian,18,004206_male_Asian_18
000814,male,Asian,56,000814_male_Asian_56
003124,female,Asian,20,003124_female_Asian_20
006207,male,Asian,19,006207_male_Asian_19
004226,female,Asian,60,004226_female_Asian_60
000728,female,Asian,58,000728_female_Asian_58
003264,female,Asian,19,003264_female_Asian_19
006213,male,Asian,19,006213_male_Asian_19
006754,male,Asian,19,006754_male_Asian_19
003057,female,Asian,19,003057_female_Asian_19
003785,female,Asian,50,003785_female_Asian_50
003417,female,Asian,51,003417_female_Asian_51
000652,female,Asian,58,000652_female_Asian_58
004441,female,Asian,55,004441_female_Asian_55
001604,male,Asian,24,001604_male_Asian_24
001804,female,Asian,23,001804_female_Asian_23
000719,female,Asian,53,000719_female_Asian_53
006215,male,Asian,19,006215_male_Asian_19
004477,female,Asian,60,004477_female_Asian_60
000716,male,Asian,51,000716_male_Asian_51
006228,male,Asian,20,006228_male_Asian_20
003042,female,Asian,20,003042_female_Asian_20
001294,male,Asian,22,001294_male_Asian_22
003511,male,Asian,54,003511_male_Asian_54
001308,male,Asian,26,001308_male_Asian_26
006652,male,Asian,20,006652_male_Asian_20
003129,female,Asian,20,003129_female_Asian_20
003104,female,Asian,19,003104_female_Asian_19
001586,female,Asian,18,001586_female_Asian_18
003871,female,Asian,57,003871_female_Asian_57
000046,male,Asian,55,000046_male_Asian_55
003442,female,Asian,60,003442_female_Asian_60
001825,female,Asian,21,001825_female_Asian_21
003096,female,Asian,19,003096_female_Asian_19
001015,female,Asian,22,001015_female_Asian_22
006076,male,Asian,18,006076_male_Asian_18
006372,male,Asian,19,006372_male_Asian_19
000565,female,Asian,35,000565_female_Asian_35
004216,female,Asian,55,004216_female_Asian_55
001302,female,Asian,20,001302_female_Asian_20
004323,female,Asian,60,004323_female_Asian_60
003743,female,Asian,50,003743_female_Asian_50
003293,female,Asian,19,003293_female_Asian_19
005009,female,Asian,49,005009_female_Asian_49
004484,male,Asian,20,004484_male_Asian_20
001583-1,female,Asian,19,001583-1_female_Asian_19
005250,male,Asian,26,005250_male_Asian_26
001187,female,Asian,50,001187_female_Asian_50
003200,female,Asian,20,003200_female_Asian_20
006210,male,Asian,19,006210_male_Asian_19
006717,male,Asian,19,006717_male_Asian_19
000740,female,Asian,52,000740_female_Asian_52
001115,female,Asian,23,001115_female_Asian_23
000746,female,Asian,53,000746_female_Asian_53
006527,male,Asian,19,006527_male_Asian_19
001026-1,male,Asian,25,001026-1_male_Asian_25
001470,male,Asian,59,001470_male_Asian_59
004276,female,Asian,60,004276_female_Asian_60
001258,female,Asian,21,001258_female_Asian_21
006714,male,Asian,20,006714_male_Asian_20
003893,female,Asian,46,003893_female_Asian_46
001201,male,Asian,26,001201_male_Asian_26
003777,male,Asian,58,003777_male_Asian_58
005536,female,Asian,39,005536_female_Asian_39
003272,female,Asian,19,003272_female_Asian_19
001048,female,Asian,59,001048_female_Asian_59
003153,female,Asian,19,003153_female_Asian_19
001244,male,Asian,23,001244_male_Asian_23
001747,male,Asian,49,001747_male_Asian_49
006675,male,Asian,19,006675_male_Asian_19
003194,female,Asian,20,003194_female_Asian_20
006377,male,Asian,19,006377_male_Asian_19
006345,female,Asian,18,006345_female_Asian_18
003848,male,Asian,59,003848_male_Asian_59
003169,female,Asian,20,003169_female_Asian_20
003760,female,Asian,52,003760_female_Asian_52
006412,female,Asian,18,006412_female_Asian_18
003227,female,Asian,19,003227_female_Asian_19
006438,female,Asian,18,006438_female_Asian_18
004446,male,Asian,40,004446_male_Asian_40
003080,female,Asian,19,003080_female_Asian_19
001476,male,Asian,58,001476_male_Asian_58
006542,female,Asian,21,006542_female_Asian_21
005404,female,Asian,25,005404_female_Asian_25
006688,male,Asian,19,006688_male_Asian_19
005483,female,Asian,45,005483_female_Asian_45
001765,male,Asian,58,001765_male_Asian_58
000542,female,Asian,58,000542_female_Asian_58
003165,female,Asian,20,003165_female_Asian_20
006171,female,Asian,18,006171_female_Asian_18
003400,female,Asian,19,003400_female_Asian_19
001381,male,Asian,23,001381_male_Asian_23
005248,male,Asian,22,005248_male_Asian_22
003110,female,Asian,19,003110_female_Asian_19
000311,female,Asian,58,000311_female_Asian_58
001489,male,Asian,55,001489_male_Asian_55
003780,female,Asian,48,003780_female_Asian_48
000699,female,Asian,57,000699_female_Asian_57
006752,male,Asian,19,006752_male_Asian_19
001716,male,Asian,27,001716_male_Asian_27
001328,male,Asian,55,001328_male_Asian_55
001186,female,Asian,50,001186_female_Asian_50
001067,male,Asian,24,001067_male_Asian_24
006106,male,Asian,19,006106_male_Asian_19
005215,male,Asian,22,005215_male_Asian_22
006353,female,Asian,18,006353_female_Asian_18
000033,male,Asian,57,000033_male_Asian_57
005554,female,Asian,40,005554_female_Asian_40
006484,female,Asian,18,006484_female_Asian_18
001270,male,Asian,21,001270_male_Asian_21
000659,male,Asian,58,000659_male_Asian_58
003402,female,Asian,53,003402_female_Asian_53
006672,male,Asian,19,006672_male_Asian_19
003564,male,Asian,60,003564_male_Asian_60
001656,female,Asian,60,001656_female_Asian_60
001566,female,Asian,26,001566_female_Asian_26
001785,male,Asian,26,001785_male_Asian_26
003198,female,Asian,19,003198_female_Asian_19
003873,male,Asian,58,003873_male_Asian_58
006104,male,Asian,18,006104_male_Asian_18
006469,female,Asian,18,006469_female_Asian_18
000742,female,Asian,58,000742_female_Asian_58
001179,male,Asian,54,001179_male_Asian_54
005278,male,Asian,22,005278_male_Asian_22
006621,male,Asian,19,006621_male_Asian_19
006956,male,Asian,19,006956_male_Asian_19
001299,female,Asian,25,001299_female_Asian_25
005243,male,Asian,21,005243_male_Asian_21
001432,male,Asian,53,001432_male_Asian_53
003699,male,Asian,41,003699_male_Asian_41
003012,female,Asian,18,003012_female_Asian_18
003177,female,Asian,18,003177_female_Asian_18
001560,female,Asian,58,001560_female_Asian_58
005128,male,Asian,45,005128_male_Asian_45
001276,female,Asian,25,001276_female_Asian_25
003399,female,Asian,19,003399_female_Asian_19
001473,female,Asian,51,001473_female_Asian_51
004211,male,Asian,58,004211_male_Asian_58
003515,male,Asian,49,003515_male_Asian_49
000077,male,Asian,59,000077_male_Asian_59
001069,female,Asian,19,001069_female_Asian_19
005277,male,Asian,23,005277_male_Asian_23
003005,female,Asian,20,003005_female_Asian_20
004381,male,Asian,50,004381_male_Asian_50
003157,female,Asian,20,003157_female_Asian_20
000673,female,Asian,54,000673_female_Asian_54
005292,female,Asian,40,005292_female_Asian_40
000623,female,Asian,57,000623_female_Asian_57
006224,male,Asian,20,006224_male_Asian_20
001013,female,Asian,25,001013_female_Asian_25
005531,male,Asian,21,005531_male_Asian_21
006618,male,Asian,19,006618_male_Asian_19
005124,female,Asian,51,005124_female_Asian_51
001326,male,Asian,25,001326_male_Asian_25
003109,female,Asian,20,003109_female_Asian_20
005464,male,Asian,47,005464_male_Asian_47
000044,female,Asian,58,000044_female_Asian_58
005254,male,Asian,21,005254_male_Asian_21
003454,female,Asian,60,003454_female_Asian_60
001650,female,Asian,49,001650_female_Asian_49
005258,male,Asian,22,005258_male_Asian_22
006715,male,Asian,21,006715_male_Asian_21
003646,male,Asian,60,003646_male_Asian_60
003088,female,Asian,19,003088_female_Asian_19
001975,female,Asian,57,001975_female_Asian_57
006399,male,Asian,19,006399_male_Asian_19
006350,female,Asian,18,006350_female_Asian_18
000641,female,Asian,57,000641_female_Asian_57
004479,male,Asian,38,004479_male_Asian_38
005475,female,Asian,44,005475_female_Asian_44
000645,female,Asian,57,000645_female_Asian_57
003052,female,Asian,19,003052_female_Asian_19
003843,male,Asian,55,003843_male_Asian_55
001665,male,Asian,22,001665_male_Asian_22
004077,female,Asian,57,004077_female_Asian_57
006237,male,Asian,19,006237_male_Asian_19
003448,female,Asian,54,003448_female_Asian_54
001723,female,Asian,35,001723_female_Asian_35
005249,male,Asian,22,005249_male_Asian_22
001460,female,Asian,58,001460_female_Asian_58
003397,female,Asian,19,003397_female_Asian_19
005120,female,Asian,28,005120_female_Asian_28
001267,female,Asian,24,001267_female_Asian_24
001191,male,Asian,25,001191_male_Asian_25
001352,female,Asian,18,001352_female_Asian_18
004272,male,Asian,58,004272_male_Asian_58
005510,female,Asian,39,005510_female_Asian_39
001772,male,Asian,57,001772_male_Asian_57
005259,male,Asian,23,005259_male_Asian_23
004458,female,Asian,60,004458_female_Asian_60
000556,male,Asian,57,000556_male_Asian_57
005068,female,Asian,57,005068_female_Asian_57
000669,female,Asian,58,000669_female_Asian_58
001564,male,Asian,22,001564_male_Asian_22
005284,male,Asian,22,005284_male_Asian_22
001518,male,Asian,60,001518_male_Asian_60
000273,female,Asian,56,000273_female_Asian_56
006220,male,Asian,18,006220_male_Asian_18
003037,female,Asian,19,003037_female_Asian_19
001171,male,Asian,20,001171_male_Asian_20
003890,female,Asian,57,003890_female_Asian_57
006233,male,Asian,20,006233_male_Asian_20
005107,female,Asian,38,005107_female_Asian_38
005496,female,Asian,52,005496_female_Asian_52
001419,male,Asian,59,001419_male_Asian_59
003471,male,Asian,55,003471_male_Asian_55
005274,male,Asian,20,005274_male_Asian_20
003811,male,Asian,60,003811_male_Asian_60
004218,female,Asian,60,004218_female_Asian_60
006499,female,Asian,18,006499_female_Asian_18
003019,female,Asian,19,003019_female_Asian_19
001771,female,Asian,54,001771_female_Asian_54
003726,female,Asian,58,003726_female_Asian_58
005516,female,Asian,52,005516_female_Asian_52
004231,female,Asian,60,004231_female_Asian_60
006643,male,Asian,19,006643_male_Asian_19
003360,female,Asian,19,003360_female_Asian_19
001645-1,female,Asian,26,001645-1_female_Asian_26
000285,female,Asian,54,000285_female_Asian_54
005042,female,Asian,49,005042_female_Asian_49
003120,female,Asian,19,003120_female_Asian_19
006155,male,Asian,20,006155_male_Asian_20
006214,male,Asian,19,006214_male_Asian_19
004362,female,Asian,58,004362_female_Asian_58
003765,male,Asian,57,003765_male_Asian_57
001240,female,Asian,24,001240_female_Asian_24
001920,female,Asian,60,001920_female_Asian_60
006178,female,Asian,19,006178_female_Asian_19
006947,male,Asian,19,006947_male_Asian_19
003847,male,Asian,58,003847_male_Asian_58
006146,male,Asian,20,006146_male_Asian_20
003193,female,Asian,19,003193_female_Asian_19
004489,male,Asian,23,004489_male_Asian_23
001624,female,Asian,23,001624_female_Asian_23
006951,male,Asian,21,006951_male_Asian_21
004347,male,Asian,60,004347_male_Asian_60
005054,female,Asian,55,005054_female_Asian_55
003115,female,Asian,18,003115_female_Asian_18
006435,female,Asian,18,006435_female_Asian_18
003632,male,Asian,43,003632_male_Asian_43
004268,female,Asian,50,004268_female_Asian_50
003090,female,Asian,19,003090_female_Asian_19
004249,male,Asian,60,004249_male_Asian_60
003235,female,Asian,20,003235_female_Asian_20
001286,female,Asian,23,001286_female_Asian_23
003711,female,Asian,58,003711_female_Asian_58
001423,male,Asian,53,001423_male_Asian_53
003467,female,Asian,57,003467_female_Asian_57
006172,female,Asian,19,006172_female_Asian_19
000242,male,Asian,56,000242_male_Asian_56
005110,female,Asian,53,005110_female_Asian_53
005502,female,Asian,49,005502_female_Asian_49
003160,female,Asian,19,003160_female_Asian_19
001218,female,Asian,18,001218_female_Asian_18
004085,female,Asian,60,004085_female_Asian_60
006139,male,Asian,19,006139_male_Asian_19
003739,female,Asian,55,003739_female_Asian_55
000231,male,Asian,56,000231_male_Asian_56
001919,female,Asian,53,001919_female_Asian_53
004430,male,Asian,18,004430_male_Asian_18
003355,female,Asian,19,003355_female_Asian_19
003738,female,Asian,55,003738_female_Asian_55
000564,female,Asian,57,000564_female_Asian_57
003721,female,Asian,60,003721_female_Asian_60
001439,male,Asian,58,001439_male_Asian_58
005420,female,Asian,48,005420_female_Asian_48
003444,female,Asian,57,003444_female_Asian_57
003100,female,Asian,20,003100_female_Asian_20
006226,male,Asian,19,006226_male_Asian_19
001900,female,Asian,60,001900_female_Asian_60
003825,female,Asian,51,003825_female_Asian_51
000041,female,Asian,58,000041_female_Asian_58
000655,male,Asian,53,000655_male_Asian_53
006107,male,Asian,18,006107_male_Asian_18
000244,female,Asian,56,000244_female_Asian_56
006245,male,Asian,19,006245_male_Asian_19
005421,female,Asian,48,005421_female_Asian_48
003529,male,Asian,58,003529_male_Asian_58
003504,male,Asian,49,003504_male_Asian_49
003600,female,Asian,59,003600_female_Asian_59
003886,female,Asian,52,003886_female_Asian_52
003222,female,Asian,20,003222_female_Asian_20
006430,female,Asian,18,006430_female_Asian_18
004329,female,Asian,56,004329_female_Asian_56
003053,female,Asian,20,003053_female_Asian_20
001360,male,Asian,26,001360_male_Asian_26
003424,female,Asian,54,003424_female_Asian_54
003103,female,Asian,20,003103_female_Asian_20
001182-1,male,Asian,19,001182-1_male_Asian_19
001987,female,Asian,48,001987_female_Asian_48
003701,male,Asian,60,003701_male_Asian_60
005237,male,Asian,22,005237_male_Asian_22
004319,female,Asian,59,004319_female_Asian_59
000299,female,Asian,57,000299_female_Asian_57
004482,male,Asian,53,004482_male_Asian_53
003754,male,Asian,52,003754_male_Asian_52
000675,female,Asian,59,000675_female_Asian_59
003144,female,Asian,19,003144_female_Asian_19
000644,female,Asian,54,000644_female_Asian_54
001736,female,Asian,36,001736_female_Asian_36
006269,female,Asian,20,006269_female_Asian_20
001480,female,Asian,60,001480_female_Asian_60
003863,female,Asian,56,003863_female_Asian_56
003588,male,Asian,54,003588_male_Asian_54
000720,female,Asian,56,000720_female_Asian_56
005126,female,Asian,46,005126_female_Asian_46
005495,female,Asian,48,005495_female_Asian_48
001925,female,Asian,50,001925_female_Asian_50
000779,female,Asian,50,000779_female_Asian_50
006503,female,Asian,28,006503_female_Asian_28
003379,female,Asian,20,003379_female_Asian_20
001843,male,Asian,19,001843_male_Asian_19
006568,female,Asian,19,006568_female_Asian_19
001549,female,Asian,60,001549_female_Asian_60
005211,male,Asian,22,005211_male_Asian_22
003326,female,Asian,20,003326_female_Asian_20
001089,female,Asian,25,001089_female_Asian_25
000730,female,Asian,51,000730_female_Asian_51
000797,female,Asian,56,000797_female_Asian_56
003983,male,Asian,52,003983_male_Asian_52
003804,female,Asian,50,003804_female_Asian_50
003277,female,Asian,19,003277_female_Asian_19
006742,male,Asian,19,006742_male_Asian_19
006079,male,Asian,18,006079_male_Asian_18
003234,female,Asian,20,003234_female_Asian_20
003345,female,Asian,19,003345_female_Asian_19
003967,male,Asian,57,003967_male_Asian_57
004098,female,Asian,56,004098_female_Asian_56
001485,female,Asian,52,001485_female_Asian_52
006687,male,Asian,19,006687_male_Asian_19
001259,male,Asian,24,001259_male_Asian_24
004314,male,Asian,60,004314_male_Asian_60
000629,female,Asian,58,000629_female_Asian_58
001538,male,Asian,55,001538_male_Asian_55
001582,female,Asian,59,001582_female_Asian_59
000811,male,Asian,55,000811_male_Asian_55
003020,female,Asian,19,003020_female_Asian_19
004209,male,Asian,60,004209_male_Asian_60
005285,male,Asian,22,005285_male_Asian_22
001099,male,Asian,25,001099_male_Asian_25
003356,female,Asian,19,003356_female_Asian_19
005023,female,Asian,53,005023_female_Asian_53
004250,male,Asian,56,004250_male_Asian_56
001403,male,Asian,18,001403_male_Asian_18
006753,male,Asian,19,006753_male_Asian_19
004279,female,Asian,60,004279_female_Asian_60
000029,female,Asian,58,000029_female_Asian_58
003703,female,Asian,55,003703_female_Asian_55
006382,male,Asian,19,006382_male_Asian_19
003568,female,Asian,60,003568_female_Asian_60
006926,male,Asian,19,006926_male_Asian_19
000543,male,Asian,35,000543_male_Asian_35
003370,female,Asian,19,003370_female_Asian_19
003766,male,Asian,38,003766_male_Asian_38
003288,female,Asian,20,003288_female_Asian_20
003565,female,Asian,57,003565_female_Asian_57
001774,female,Asian,58,001774_female_Asian_58
001973,female,Asian,56,001973_female_Asian_56
005082,male,Asian,48,005082_male_Asian_48
000006,female,Asian,59,000006_female_Asian_59
003832,male,Asian,55,003832_male_Asian_55
001074,female,Asian,19,001074_female_Asian_19
000279,female,Asian,54,000279_female_Asian_54
003867,female,Asian,57,003867_female_Asian_57
001106,female,Asian,60,001106_female_Asian_60
001112,male,Asian,28,001112_male_Asian_28
000679,female,Asian,55,000679_female_Asian_55
006556,male,Asian,21,006556_male_Asian_21
005027,female,Asian,53,005027_female_Asian_53
000237,male,Asian,56,000237_male_Asian_56
003805,male,Asian,56,003805_male_Asian_56
001009,female,Asian,40,001009_female_Asian_40
001630-1,female,Asian,34,001630-1_female_Asian_34
006536,female,Asian,19,006536_female_Asian_19
001610,female,Asian,20,001610_female_Asian_20
000558,female,Asian,58,000558_female_Asian_58
000015,male,Asian,55,000015_male_Asian_55
006375,male,Asian,19,006375_male_Asian_19
004367,male,Asian,52,004367_male_Asian_52
000639,female,Asian,54,000639_female_Asian_54
003415,male,Asian,50,003415_male_Asian_50
001852,male,Asian,48,001852_male_Asian_48
003178,female,Asian,20,003178_female_Asian_20
003014,female,Asian,20,003014_female_Asian_20
004241,male,Asian,60,004241_male_Asian_60
001577,female,Asian,25,001577_female_Asian_25
001840-1,male,Asian,22,001840-1_male_Asian_22
003349,female,Asian,20,003349_female_Asian_20
006716,male,Asian,19,006716_male_Asian_19
001355,female,Asian,22,001355_female_Asian_22
001631,female,Asian,58,001631_female_Asian_58
003403-1,female,Asian,50,003403-1_female_Asian_50
003512,male,Asian,53,003512_male_Asian_53
006352,female,Asian,18,006352_female_Asian_18
001456,male,Asian,57,001456_male_Asian_57
001186-1,male,Asian,24,001186-1_male_Asian_24
000735,female,Asian,51,000735_female_Asian_51
005440,female,Asian,50,005440_female_Asian_50
001025,male,Asian,19,001025_male_Asian_19
001597,male,Asian,60,001597_male_Asian_60
001669,male,Asian,52,001669_male_Asian_52
006127,male,Asian,20,006127_male_Asian_20
006138,male,Asian,19,006138_male_Asian_19
001703,male,Asian,49,001703_male_Asian_49
001570,male,Asian,60,001570_male_Asian_60
003757,female,Asian,52,003757_female_Asian_52
005026,male,Asian,60,005026_male_Asian_60
000691,female,Asian,56,000691_female_Asian_56
005409,female,Asian,55,005409_female_Asian_55
004023,male,Asian,59,004023_male_Asian_59
001252,male,Asian,22,001252_male_Asian_22
006755,male,Asian,19,006755_male_Asian_19
003123,female,Asian,19,003123_female_Asian_19
004283,male,Asian,60,004283_male_Asian_60
006745,male,Asian,19,006745_male_Asian_19
006108,male,Asian,19,006108_male_Asian_19
003790,male,Asian,46,003790_male_Asian_46
004461,female,Asian,59,004461_female_Asian_59
006365,male,Asian,19,006365_male_Asian_19
001573,female,Asian,34,001573_female_Asian_34
001120,female,Asian,28,001120_female_Asian_28
001454,female,Asian,49,001454_female_Asian_49
003434,male,Asian,50,003434_male_Asian_50
003062,female,Asian,20,003062_female_Asian_20
001728,female,Asian,38,001728_female_Asian_38
003179,female,Asian,19,003179_female_Asian_19
006429,female,Asian,18,006429_female_Asian_18
006408,female,Asian,18,006408_female_Asian_18
003148,female,Asian,20,003148_female_Asian_20
000588,female,Asian,58,000588_female_Asian_58
003537,male,Asian,54,003537_male_Asian_54
006234,male,Asian,20,006234_male_Asian_20
001136,male,Asian,26,001136_male_Asian_26
005016,female,Asian,46,005016_female_Asian_46
006571,female,Asian,21,006571_female_Asian_21
000282,female,Asian,59,000282_female_Asian_59
006682,male,Asian,19,006682_male_Asian_19
001562,female,Asian,18,001562_female_Asian_18
004258,male,Asian,58,004258_male_Asian_58
001755,male,Asian,38,001755_male_Asian_38
003302,female,Asian,18,003302_female_Asian_18
003070,female,Asian,20,003070_female_Asian_20
006177,female,Asian,19,006177_female_Asian_19
006700,male,Asian,19,006700_male_Asian_19
003035,female,Asian,20,003035_female_Asian_20
003241,female,Asian,20,003241_female_Asian_20
005506,male,Asian,25,005506_male_Asian_25
003228,female,Asian,19,003228_female_Asian_19
003292,female,Asian,20,003292_female_Asian_20
000538,male,Asian,54,000538_male_Asian_54
001730,female,Asian,22,001730_female_Asian_22
006170,female,Asian,20,006170_female_Asian_20
003135,female,Asian,20,003135_female_Asian_20
006614,male,Asian,19,006614_male_Asian_19
001777,female,Asian,58,001777_female_Asian_58
005083,female,Asian,27,005083_female_Asian_27
003833,female,Asian,60,003833_female_Asian_60
006259,female,Asian,20,006259_female_Asian_20
001100,female,Asian,43,001100_female_Asian_43
003837,male,Asian,60,003837_male_Asian_60
003722,female,Asian,56,003722_female_Asian_56
004427,female,Asian,29,004427_female_Asian_29
000313,female,Asian,54,000313_female_Asian_54
003362,female,Asian,20,003362_female_Asian_20
000733,female,Asian,56,000733_female_Asian_56
001517,female,Asian,60,001517_female_Asian_60
005032,female,Asian,59,005032_female_Asian_59
005477,female,Asian,24,005477_female_Asian_24
001292,female,Asian,24,001292_female_Asian_24
005010,female,Asian,27,005010_female_Asian_27
000810,male,Asian,58,000810_male_Asian_58
006541,female,Asian,22,006541_female_Asian_22
004273,female,Asian,59,004273_female_Asian_59
001533,male,Asian,59,001533_male_Asian_59
000900,female,Asian,48,000900_female_Asian_48
005553,male,Asian,48,005553_male_Asian_48
001721,female,Asian,35,001721_female_Asian_35
001339,female,Asian,26,001339_female_Asian_26
003889,female,Asian,35,003889_female_Asian_35
000243,female,Asian,58,000243_female_Asian_58
000552,female,Asian,56,000552_female_Asian_56
006239,male,Asian,19,006239_male_Asian_19
001164,female,Asian,20,001164_female_Asian_20
000642,female,Asian,54,000642_female_Asian_54
001779,female,Asian,53,001779_female_Asian_53
003592,female,Asian,58,003592_female_Asian_58
006658,male,Asian,19,006658_male_Asian_19
001420,male,Asian,49,001420_male_Asian_49
006379,male,Asian,19,006379_male_Asian_19
004096,male,Asian,60,004096_male_Asian_60
001751,male,Asian,51,001751_male_Asian_51
000356,female,Asian,58,000356_female_Asian_58
000697,female,Asian,58,000697_female_Asian_58
003295,female,Asian,20,003295_female_Asian_20
001108,female,Asian,23,001108_female_Asian_23
003763,female,Asian,50,003763_female_Asian_50
006474,female,Asian,18,006474_female_Asian_18
001653,female,Asian,36,001653_female_Asian_36
001088,male,Asian,24,001088_male_Asian_24
006748,male,Asian,19,006748_male_Asian_19
003531,male,Asian,55,003531_male_Asian_55
003717,female,Asian,60,003717_female_Asian_60
003507,male,Asian,57,003507_male_Asian_57
006431,female,Asian,18,006431_female_Asian_18
003161,female,Asian,20,003161_female_Asian_20
003287,female,Asian,19,003287_female_Asian_19
005490,female,Asian,42,005490_female_Asian_42
001150,male,Asian,23,001150_male_Asian_23
003684,male,Asian,58,003684_male_Asian_58
001315,female,Asian,24,001315_female_Asian_24
006565,male,Asian,20,006565_male_Asian_20
006081,male,Asian,19,006081_male_Asian_19
003087,female,Asian,19,003087_female_Asian_19
005439,female,Asian,58,005439_female_Asian_58
001787,female,Asian,26,001787_female_Asian_26
001269,female,Asian,23,001269_female_Asian_23
003318,female,Asian,20,003318_female_Asian_20
003119,female,Asian,20,003119_female_Asian_20
001356,male,Asian,23,001356_male_Asian_23
003558,female,Asian,45,003558_female_Asian_45
006173,female,Asian,19,006173_female_Asian_19
003536,male,Asian,59,003536_male_Asian_59
003267,female,Asian,19,003267_female_Asian_19
001275,female,Asian,24,001275_female_Asian_24
004478,female,Asian,60,004478_female_Asian_60
006336,female,Asian,18,006336_female_Asian_18
000631,female,Asian,57,000631_female_Asian_57
003384,female,Asian,19,003384_female_Asian_19
000693,female,Asian,54,000693_female_Asian_54
005261,male,Asian,20,005261_male_Asian_20
004450,male,Asian,22,004450_male_Asian_22
004371,female,Asian,56,004371_female_Asian_56
005508,female,Asian,56,005508_female_Asian_56
003705,female,Asian,58,003705_female_Asian_58
001035,female,Asian,25,001035_female_Asian_25
006674,male,Asian,19,006674_male_Asian_19
001462,male,Asian,56,001462_male_Asian_56
003369,female,Asian,20,003369_female_Asian_20
004433,female,Asian,23,004433_female_Asian_23
003723,female,Asian,60,003723_female_Asian_60
006058,female,Asian,19,006058_female_Asian_19
000598,female,Asian,54,000598_female_Asian_54
003783,female,Asian,40,003783_female_Asian_40
005255,male,Asian,19,005255_male_Asian_19
001625,male,Asian,60,001625_male_Asian_60
006472,female,Asian,18,006472_female_Asian_18
000245,male,Asian,58,000245_male_Asian_58
006710,male,Asian,19,006710_male_Asian_19
001331,female,Asian,23,001331_female_Asian_23
003386,female,Asian,20,003386_female_Asian_20
006200,male,Asian,18,006200_male_Asian_18
006424,female,Asian,18,006424_female_Asian_18
004317,male,Asian,60,004317_male_Asian_60
001295,female,Asian,21,001295_female_Asian_21
004267,female,Asian,58,004267_female_Asian_58
006631,female,Asian,19,006631_female_Asian_19
001154,female,Asian,23,001154_female_Asian_23
003059,female,Asian,19,003059_female_Asian_19
001599,male,Asian,24,001599_male_Asian_24
004228,female,Asian,58,004228_female_Asian_58
006690,male,Asian,20,006690_male_Asian_20
005260,male,Asian,25,005260_male_Asian_25
003079,female,Asian,19,003079_female_Asian_19
000512,female,Asian,55,000512_female_Asian_55
005210,male,Asian,20,005210_male_Asian_20
003877,female,Asian,55,003877_female_Asian_55
006708,male,Asian,19,006708_male_Asian_19
005003,female,Asian,45,005003_female_Asian_45
000048,female,Asian,57,000048_female_Asian_57
005046,female,Asian,54,005046_female_Asian_54
006666,male,Asian,20,006666_male_Asian_20
003371,female,Asian,19,003371_female_Asian_19
001800,female,Asian,54,001800_female_Asian_54
001640,male,Asian,18,001640_male_Asian_18
005457,female,Asian,36,005457_female_Asian_36
000301,female,Asian,55,000301_female_Asian_55
000718,female,Asian,56,000718_female_Asian_56
001468,female,Asian,60,001468_female_Asian_60
006707,male,Asian,19,006707_male_Asian_19
001598,female,Asian,60,001598_female_Asian_60
001781,female,Asian,53,001781_female_Asian_53
005149,male,Asian,59,005149_male_Asian_59
006346,female,Asian,18,006346_female_Asian_18
003552,female,Asian,60,003552_female_Asian_60
004385,male,Asian,60,004385_male_Asian_60
005108,female,Asian,52,005108_female_Asian_52
003414,male,Asian,51,003414_male_Asian_51
004204,male,Asian,19,004204_male_Asian_19
000304,female,Asian,51,000304_female_Asian_51
003880,female,Asian,55,003880_female_Asian_55
001547,female,Asian,25,001547_female_Asian_25
001492,female,Asian,58,001492_female_Asian_58
001776,male,Asian,54,001776_male_Asian_54
006380,male,Asian,19,006380_male_Asian_19
003421,female,Asian,38,003421_female_Asian_38
000288,female,Asian,51,000288_female_Asian_51
001226,male,Asian,23,001226_male_Asian_23
006445,female,Asian,18,006445_female_Asian_18
005529,female,Asian,44,005529_female_Asian_44
001750,female,Asian,50,001750_female_Asian_50
001648,male,Asian,50,001648_male_Asian_50
000745,female,Asian,51,000745_female_Asian_51
001038-1,male,Asian,20,001038-1_male_Asian_20
001418,male,Asian,59,001418_male_Asian_59
006242,male,Asian,19,006242_male_Asian_19
000260,female,Asian,58,000260_female_Asian_58
003127,female,Asian,20,003127_female_Asian_20
006460,female,Asian,18,006460_female_Asian_18
006944,male,Asian,20,006944_male_Asian_20
003567,female,Asian,25,003567_female_Asian_25
004284,male,Asian,60,004284_male_Asian_60
003553,female,Asian,47,003553_female_Asian_47
000554,female,Asian,54,000554_female_Asian_54
000698,female,Asian,55,000698_female_Asian_55
001158,female,Asian,56,001158_female_Asian_56
000616,female,Asian,57,000616_female_Asian_57
004399,female,Asian,59,004399_female_Asian_59
000605,male,Asian,57,000605_male_Asian_57
001788,male,Asian,28,001788_male_Asian_28
003850,female,Asian,47,003850_female_Asian_47
003172,female,Asian,19,003172_female_Asian_19
005071,male,Asian,60,005071_male_Asian_60
006516,male,Asian,19,006516_male_Asian_19
000270,female,Asian,49,000270_female_Asian_49
003368,female,Asian,19,003368_female_Asian_19
000019,female,Asian,57,000019_female_Asian_57
000601,female,Asian,53,000601_female_Asian_53
001348,female,Asian,22,001348_female_Asian_22
003192,female,Asian,19,003192_female_Asian_19
000763,female,Asian,55,000763_female_Asian_55
003440,male,Asian,60,003440_male_Asian_60
005445,female,Asian,53,005445_female_Asian_53
001340,male,Asian,23,001340_male_Asian_23
001055,female,Asian,25,001055_female_Asian_25
001159,male,Asian,24,001159_male_Asian_24
003108,female,Asian,19,003108_female_Asian_19
001161,male,Asian,40,001161_male_Asian_40
001087,female,Asian,25,001087_female_Asian_25
004214,female,Asian,58,004214_female_Asian_58
005512,female,Asian,50,005512_female_Asian_50
001626,female,Asian,58,001626_female_Asian_58
000789,female,Asian,54,000789_female_Asian_54
005551,male,Asian,43,005551_male_Asian_43
006128,male,Asian,20,006128_male_Asian_20
001510,female,Asian,18,001510_female_Asian_18
003406,male,Asian,55,003406_male_Asian_55
003648,male,Asian,59,003648_male_Asian_59
000294,female,Asian,53,000294_female_Asian_53
004289,male,Asian,60,004289_male_Asian_60
006644,male,Asian,19,006644_male_Asian_19
000525,female,Asian,53,000525_female_Asian_53
006062,female,Asian,19,006062_female_Asian_19
000008,female,Asian,58,000008_female_Asian_58
000514,female,Asian,59,000514_female_Asian_59
005093,female,Asian,49,005093_female_Asian_49
001072,female,Asian,25,001072_female_Asian_25
001632,female,Asian,58,001632_female_Asian_58
006530,female,Asian,20,006530_female_Asian_20
001760,female,Asian,50,001760_female_Asian_50
001563,female,Asian,55,001563_female_Asian_55
005056,female,Asian,55,005056_female_Asian_55
003595,male,Asian,50,003595_male_Asian_50
006719,male,Asian,19,006719_male_Asian_19
001494-1,female,Asian,23,001494-1_female_Asian_23
003013,female,Asian,19,003013_female_Asian_19
001743,female,Asian,48,001743_female_Asian_48
001297,female,Asian,21,001297_female_Asian_21
003176,female,Asian,19,003176_female_Asian_19
004310,female,Asian,58,004310_female_Asian_58
004262,female,Asian,59,004262_female_Asian_59
001450,female,Asian,50,001450_female_Asian_50
006743,male,Asian,19,006743_male_Asian_19
006465,female,Asian,18,006465_female_Asian_18
006921,male,Asian,19,006921_male_Asian_19
003320,female,Asian,19,003320_female_Asian_19
003233,female,Asian,19,003233_female_Asian_19
001829,male,Asian,24,001829_male_Asian_24
003569,female,Asian,60,003569_female_Asian_60
001903,female,Asian,60,001903_female_Asian_60
001774-2,male,Asian,52,001774-2_male_Asian_52
003720,male,Asian,54,003720_male_Asian_54
001855,female,Asian,24,001855_female_Asian_24
001479,female,Asian,57,001479_female_Asian_57
005532,female,Asian,18,005532_female_Asian_18
005030,female,Asian,58,005030_female_Asian_58
001449,female,Asian,51,001449_female_Asian_51
001063,female,Asian,60,001063_female_Asian_60
003147,female,Asian,20,003147_female_Asian_20
001513,male,Asian,22,001513_male_Asian_22
006483,female,Asian,18,006483_female_Asian_18
000532,female,Asian,57,000532_female_Asian_57
003862,male,Asian,56,003862_male_Asian_56
001156,female,Asian,58,001156_female_Asian_58
003195,female,Asian,19,003195_female_Asian_19
004355,female,Asian,51,004355_female_Asian_51
006426,female,Asian,18,006426_female_Asian_18
005433,female,Asian,22,005433_female_Asian_22
001280,female,Asian,27,001280_female_Asian_27
000080,female,Asian,57,000080_female_Asian_57
006518,female,Asian,19,006518_female_Asian_19
006648,female,Asian,19,006648_female_Asian_19
006535,female,Asian,19,006535_female_Asian_19
006722,male,Asian,19,006722_male_Asian_19
001842,male,Asian,23,001842_male_Asian_23
001388,male,Asian,21,001388_male_Asian_21
003359,female,Asian,20,003359_female_Asian_20
001795,male,Asian,27,001795_male_Asian_27
003246,female,Asian,19,003246_female_Asian_19
003486,female,Asian,34,003486_female_Asian_34
003672,male,Asian,58,003672_male_Asian_58
005527,female,Asian,40,005527_female_Asian_40
000818,female,Asian,52,000818_female_Asian_52
001759,female,Asian,46,001759_female_Asian_46
001313,female,Asian,45,001313_female_Asian_45
001742,female,Asian,43,001742_female_Asian_43
005466,female,Asian,45,005466_female_Asian_45
001142,female,Asian,19,001142_female_Asian_19
001467,female,Asian,53,001467_female_Asian_53
006750,male,Asian,19,006750_male_Asian_19
001396,male,Asian,45,001396_male_Asian_45
006770,male,Asian,20,006770_male_Asian_20
003352,female,Asian,20,003352_female_Asian_20
003003,female,Asian,18,003003_female_Asian_18
004374,female,Asian,55,004374_female_Asian_55
006485,female,Asian,18,006485_female_Asian_18
006069,female,Asian,19,006069_female_Asian_19
001045,male,Asian,19,001045_male_Asian_19
001633,female,Asian,58,001633_female_Asian_58
004339,female,Asian,60,004339_female_Asian_60
001233,male,Asian,25,001233_male_Asian_25
001644,male,Asian,22,001644_male_Asian_22
004342,male,Asian,58,004342_male_Asian_58
001498-1,male,Asian,23,001498-1_male_Asian_23
001740,female,Asian,50,001740_female_Asian_50
003533,male,Asian,59,003533_male_Asian_59
000632,female,Asian,54,000632_female_Asian_54
001143,female,Asian,35,001143_female_Asian_35
000536,female,Asian,51,000536_female_Asian_51
001628,female,Asian,55,001628_female_Asian_55
006386,male,Asian,19,006386_male_Asian_19
001183,female,Asian,52,001183_female_Asian_52
006713,male,Asian,19,006713_male_Asian_19
000214,female,Asian,51,000214_female_Asian_51
001405,male,Asian,55,001405_male_Asian_55
006563,male,Asian,20,006563_male_Asian_20
005414,female,Asian,22,005414_female_Asian_22
001304,male,Asian,26,001304_male_Asian_26
001719,female,Asian,50,001719_female_Asian_50
001178,female,Asian,24,001178_female_Asian_24
001705,male,Asian,37,001705_male_Asian_37
005444,male,Asian,25,005444_male_Asian_25
000725,female,Asian,50,000725_female_Asian_50
006057,female,Asian,19,006057_female_Asian_19
001496,male,Asian,55,001496_male_Asian_55
001228,male,Asian,22,001228_male_Asian_22
003545,male,Asian,54,003545_male_Asian_54
003753,female,Asian,50,003753_female_Asian_50
001574,female,Asian,34,001574_female_Asian_34
004440,female,Asian,25,004440_female_Asian_25
000712,female,Asian,50,000712_female_Asian_50
005456,female,Asian,45,005456_female_Asian_45
006341,female,Asian,18,006341_female_Asian_18
001153,female,Asian,25,001153_female_Asian_25
000799,female,Asian,51,000799_female_Asian_51
003875,female,Asian,57,003875_female_Asian_57
006401,female,Asian,18,006401_female_Asian_18
005470,female,Asian,42,005470_female_Asian_42
004244,female,Asian,60,004244_female_Asian_60
003361,female,Asian,20,003361_female_Asian_20
001491,male,Asian,25,001491_male_Asian_25
003930,male,Asian,42,003930_male_Asian_42
005503,female,Asian,55,005503_female_Asian_55
003474,female,Asian,48,003474_female_Asian_48
001830,male,Asian,24,001830_male_Asian_24
006709,male,Asian,19,006709_male_Asian_19
000729,female,Asian,52,000729_female_Asian_52
000248,female,Asian,54,000248_female_Asian_54
003321,female,Asian,19,003321_female_Asian_19
000266,female,Asian,58,000266_female_Asian_58
000591,female,Asian,55,000591_female_Asian_55
001806,female,Asian,23,001806_female_Asian_23
003798,female,Asian,50,003798_female_Asian_50
006900,female,Asian,19,006900_female_Asian_19
004087,female,Asian,58,004087_female_Asian_58
003437,female,Asian,30,003437_female_Asian_30
006523,female,Asian,19,006523_female_Asian_19
003439,male,Asian,58,003439_male_Asian_58
001137,male,Asian,24,001137_male_Asian_24
006427,female,Asian,18,006427_female_Asian_18
001230,male,Asian,24,001230_male_Asian_24
003347,female,Asian,20,003347_female_Asian_20
003990,male,Asian,43,003990_male_Asian_43
003282,female,Asian,19,003282_female_Asian_19
001988,male,Asian,35,001988_male_Asian_35
001667,female,Asian,45,001667_female_Asian_45
005493,female,Asian,38,005493_female_Asian_38
004345,female,Asian,59,004345_female_Asian_59
003816,male,Asian,57,003816_male_Asian_57
000626,female,Asian,57,000626_female_Asian_57
006206,male,Asian,19,006206_male_Asian_19
006671,male,Asian,19,006671_male_Asian_19
000668,female,Asian,53,000668_female_Asian_53
004428,female,Asian,56,004428_female_Asian_56
001836,female,Asian,24,001836_female_Asian_24
003101,female,Asian,18,003101_female_Asian_18
006478,female,Asian,18,006478_female_Asian_18
001840,male,Asian,23,001840_male_Asian_23
000776,female,Asian,57,000776_female_Asian_57
004391,female,Asian,55,004391_female_Asian_55
003366,female,Asian,20,003366_female_Asian_20
003047,female,Asian,20,003047_female_Asian_20
006100,male,Asian,19,006100_male_Asian_19
001231,male,Asian,26,001231_male_Asian_26
000293,female,Asian,57,000293_female_Asian_57
000016,female,Asian,58,000016_female_Asian_58
003713,female,Asian,55,003713_female_Asian_55
003084,female,Asian,19,003084_female_Asian_19
000523,female,Asian,51,000523_female_Asian_51
006158,male,Asian,20,006158_male_Asian_20
003841,female,Asian,58,003841_female_Asian_58
000528,female,Asian,51,000528_female_Asian_51
001458,female,Asian,58,001458_female_Asian_58
003146,female,Asian,20,003146_female_Asian_20
001058,female,Asian,28,001058_female_Asian_28
001085,male,Asian,26,001085_male_Asian_26
000676,female,Asian,57,000676_female_Asian_57
005106,female,Asian,54,005106_female_Asian_54
001436,male,Asian,57,001436_male_Asian_57
003137,female,Asian,20,003137_female_Asian_20
003265,female,Asian,20,003265_female_Asian_20
003462,female,Asian,55,003462_female_Asian_55
006070,female,Asian,19,006070_female_Asian_19
004429,male,Asian,18,004429_male_Asian_18
001176,male,Asian,18,001176_male_Asian_18
000574,female,Asian,56,000574_female_Asian_56
003290,female,Asian,19,003290_female_Asian_19
001639,male,Asian,18,001639_male_Asian_18
006653,male,Asian,19,006653_male_Asian_19
001387,female,Asian,21,001387_female_Asian_21
003772,female,Asian,60,003772_female_Asian_60
000265,female,Asian,58,000265_female_Asian_58
000227,female,Asian,59,000227_female_Asian_59
005430,male,Asian,52,005430_male_Asian_52
000515,female,Asian,50,000515_female_Asian_50
000005,female,Asian,58,000005_female_Asian_58
001710,male,Asian,58,001710_male_Asian_58
000216,female,Asian,56,000216_female_Asian_56
005528,female,Asian,40,005528_female_Asian_40
003884,female,Asian,56,003884_female_Asian_56
001568,male,Asian,60,001568_male_Asian_60
003154,female,Asian,19,003154_female_Asian_19
001717,male,Asian,56,001717_male_Asian_56
000557,female,Asian,57,000557_female_Asian_57
006262,female,Asian,20,006262_female_Asian_20
001623,female,Asian,19,001623_female_Asian_19
003759,male,Asian,50,003759_male_Asian_50
001016,male,Asian,26,001016_male_Asian_26
004469,male,Asian,25,004469_male_Asian_25
001526,female,Asian,24,001526_female_Asian_24
000283,female,Asian,57,000283_female_Asian_57
003534,male,Asian,54,003534_male_Asian_54
003056,female,Asian,20,003056_female_Asian_20
000378,female,Asian,55,000378_female_Asian_55
006340,female,Asian,18,006340_female_Asian_18
006268,female,Asian,20,006268_female_Asian_20
004467,female,Asian,49,004467_female_Asian_49
006712,male,Asian,20,006712_male_Asian_20
004290,female,Asian,60,004290_female_Asian_60
001620,male,Asian,45,001620_male_Asian_45
006397,male,Asian,19,006397_male_Asian_19
003490,male,Asian,50,003490_male_Asian_50
004233,female,Asian,60,004233_female_Asian_60
000723,female,Asian,56,000723_female_Asian_56
001116,female,Asian,25,001116_female_Asian_25
005045,male,Asian,60,005045_male_Asian_60
005265,male,Asian,22,005265_male_Asian_22
003051,female,Asian,20,003051_female_Asian_20
006163,female,Asian,18,006163_female_Asian_18
003710,female,Asian,60,003710_female_Asian_60
004201,female,Asian,18,004201_female_Asian_18
006456,female,Asian,18,006456_female_Asian_18
005044,male,Asian,51,005044_male_Asian_51
003803,female,Asian,46,003803_female_Asian_46
003069,female,Asian,19,003069_female_Asian_19
003508-1,female,Asian,60,003508-1_female_Asian_60
006145,male,Asian,19,006145_male_Asian_19
000272,female,Asian,52,000272_female_Asian_52
005017,female,Asian,55,005017_female_Asian_55
001249,female,Asian,24,001249_female_Asian_24
001990,male,Asian,35,001990_male_Asian_35
004266,female,Asian,60,004266_female_Asian_60
004281,female,Asian,60,004281_female_Asian_60
005002,female,Asian,28,005002_female_Asian_28
000550,male,Asian,56,000550_male_Asian_56
000235,male,Asian,57,000235_male_Asian_57
003111,female,Asian,19,003111_female_Asian_19
004488,male,Asian,23,004488_male_Asian_23
003312,female,Asian,20,003312_female_Asian_20
003781,female,Asian,56,003781_female_Asian_56
004070,female,Asian,55,004070_female_Asian_55
003426,female,Asian,50,003426_female_Asian_50
006626,male,Asian,19,006626_male_Asian_19
003054,female,Asian,19,003054_female_Asian_19
006356,female,Asian,18,006356_female_Asian_18
003707,female,Asian,59,003707_female_Asian_59
004257,female,Asian,57,004257_female_Asian_57
001129,male,Asian,20,001129_male_Asian_20
005498,female,Asian,50,005498_female_Asian_50
005467,female,Asian,23,005467_female_Asian_23
001167,male,Asian,23,001167_male_Asian_23
004080,female,Asian,60,004080_female_Asian_60
003510,male,Asian,58,003510_male_Asian_58
005448,female,Asian,54,005448_female_Asian_54
004164,female,Asian,53,004164_female_Asian_53
005092,male,Asian,52,005092_male_Asian_52
004013,male,Asian,59,004013_male_Asian_59
005011,female,Asian,45,005011_female_Asian_45
001140,female,Asian,22,001140_female_Asian_22
001354,male,Asian,27,001354_male_Asian_27
001094,male,Asian,23,001094_male_Asian_23
006415,female,Asian,18,006415_female_Asian_18
003590,female,Asian,58,003590_female_Asian_58
006657,male,Asian,20,006657_male_Asian_20
004237,female,Asian,59,004237_female_Asian_59
006609,male,Asian,19,006609_male_Asian_19
004178,male,Asian,55,004178_male_Asian_55
003351,female,Asian,19,003351_female_Asian_19
003185,female,Asian,19,003185_female_Asian_19
006384,male,Asian,19,006384_male_Asian_19
003658,male,Asian,52,003658_male_Asian_52
001820,female,Asian,22,001820_female_Asian_22
001041,female,Asian,25,001041_female_Asian_25
003819,female,Asian,50,003819_female_Asian_50
000694,female,Asian,54,000694_female_Asian_54
005287,male,Asian,22,005287_male_Asian_22
001619,female,Asian,19,001619_female_Asian_19
001172,female,Asian,60,001172_female_Asian_60
003807,male,Asian,52,003807_male_Asian_52
003706,male,Asian,60,003706_male_Asian_60
000209,female,Asian,56,000209_female_Asian_56
003358,female,Asian,20,003358_female_Asian_20
001770,female,Asian,47,001770_female_Asian_47
000695,female,Asian,53,000695_female_Asian_53
003309,female,Asian,20,003309_female_Asian_20
004219,male,Asian,60,004219_male_Asian_60
004420,female,Asian,32,004420_female_Asian_32
006398,male,Asian,19,006398_male_Asian_19
001484,male,Asian,57,001484_male_Asian_57
000614,female,Asian,56,000614_female_Asian_56
006948,male,Asian,19,006948_male_Asian_19
003168,female,Asian,20,003168_female_Asian_20
000671,female,Asian,55,000671_female_Asian_55
005129,female,Asian,55,005129_female_Asian_55
001487,female,Asian,60,001487_female_Asian_60
005418,male,Asian,60,005418_male_Asian_60
006393,male,Asian,19,006393_male_Asian_19
003929,male,Asian,59,003929_male_Asian_59
001655,female,Asian,58,001655_female_Asian_58
003844,female,Asian,57,003844_female_Asian_57
001174,male,Asian,25,001174_male_Asian_25
003049,female,Asian,20,003049_female_Asian_20
001054,female,Asian,24,001054_female_Asian_24
005059,female,Asian,52,005059_female_Asian_52
003170,female,Asian,20,003170_female_Asian_20
006477,female,Asian,18,006477_female_Asian_18
006218,male,Asian,20,006218_male_Asian_20
003729,female,Asian,60,003729_female_Asian_60
001253,male,Asian,24,001253_male_Asian_24
001883,female,Asian,49,001883_female_Asian_49
001535,female,Asian,18,001535_female_Asian_18
001752,male,Asian,53,001752_male_Asian_53
006248,male,Asian,20,006248_male_Asian_20
000759,female,Asian,57,000759_female_Asian_57
001010,male,Asian,59,001010_male_Asian_59
000821,male,Asian,56,000821_male_Asian_56
001739,male,Asian,29,001739_male_Asian_29
001773,female,Asian,56,001773_female_Asian_56
006223,male,Asian,20,006223_male_Asian_20
006093,male,Asian,19,006093_male_Asian_19
001506,female,Asian,53,001506_female_Asian_53
005148,male,Asian,51,005148_male_Asian_51
001002,female,Asian,42,001002_female_Asian_42
003778,female,Asian,57,003778_female_Asian_57
006512,male,Asian,20,006512_male_Asian_20
006686,male,Asian,20,006686_male_Asian_20
001635,male,Asian,45,001635_male_Asian_45
000747,female,Asian,52,000747_female_Asian_52
006955,male,Asian,19,006955_male_Asian_19
003840,male,Asian,56,003840_male_Asian_56
003745,male,Asian,55,003745_male_Asian_55
004287,female,Asian,60,004287_female_Asian_60
005526,male,Asian,23,005526_male_Asian_23
001617,female,Asian,37,001617_female_Asian_37
001523,male,Asian,28,001523_male_Asian_28
006148,male,Asian,19,006148_male_Asian_19
001180,female,Asian,48,001180_female_Asian_48
000643,female,Asian,53,000643_female_Asian_53
001636,male,Asian,28,001636_male_Asian_28
001062,female,Asian,25,001062_female_Asian_25
001317,female,Asian,25,001317_female_Asian_25
003017,female,Asian,19,003017_female_Asian_19
003506,male,Asian,56,003506_male_Asian_56
003666,male,Asian,60,003666_male_Asian_60
000012,male,Asian,57,000012_male_Asian_57
001131,female,Asian,22,001131_female_Asian_22
000511,female,Asian,55,000511_female_Asian_55
006520,female,Asian,19,006520_female_Asian_19
000224,female,Asian,56,000224_female_Asian_56
003009,female,Asian,20,003009_female_Asian_20
001556,female,Asian,60,001556_female_Asian_60
001794,female,Asian,53,001794_female_Asian_53
003143,female,Asian,20,003143_female_Asian_20
003225,female,Asian,20,003225_female_Asian_20
003344,female,Asian,19,003344_female_Asian_19
003734,male,Asian,55,003734_male_Asian_55
004082,female,Asian,55,004082_female_Asian_55
001519,female,Asian,54,001519_female_Asian_54
003771,male,Asian,55,003771_male_Asian_55
005472,female,Asian,45,005472_female_Asian_45
000018,female,Asian,59,000018_female_Asian_59
001298,female,Asian,26,001298_female_Asian_26
005460,female,Asian,58,005460_female_Asian_58
003472,female,Asian,48,003472_female_Asian_48
006243,male,Asian,19,006243_male_Asian_19
004319-1,female,Asian,58,004319-1_female_Asian_58
006553,female,Asian,20,006553_female_Asian_20
000611,male,Asian,51,000611_male_Asian_51
004396,female,Asian,60,004396_female_Asian_60
003719,male,Asian,60,003719_male_Asian_60
003063,female,Asian,19,003063_female_Asian_19
005226,female,Asian,20,005226_female_Asian_20
000210,female,Asian,54,000210_female_Asian_54
005036,female,Asian,52,005036_female_Asian_52
000577,female,Asian,57,000577_female_Asian_57
003831,female,Asian,57,003831_female_Asian_57
001407,male,Asian,43,001407_male_Asian_43
003140,female,Asian,20,003140_female_Asian_20
006367,male,Asian,19,006367_male_Asian_19
001712,female,Asian,56,001712_female_Asian_56
000819,female,Asian,57,000819_female_Asian_57
005137,male,Asian,29,005137_male_Asian_29
006578,male,Asian,19,006578_male_Asian_19
003034,female,Asian,20,003034_female_Asian_20
000357,female,Asian,55,000357_female_Asian_55
000064,male,Asian,59,000064_male_Asian_59
003242,female,Asian,20,003242_female_Asian_20
000535,female,Asian,50,000535_female_Asian_50
006668,male,Asian,22,006668_male_Asian_22
000801,male,Asian,59,000801_male_Asian_59
006467,female,Asian,18,006467_female_Asian_18
005451,male,Asian,32,005451_male_Asian_32
001393,male,Asian,24,001393_male_Asian_24
005450,female,Asian,48,005450_female_Asian_48
005267,male,Asian,21,005267_male_Asian_21
003538,male,Asian,51,003538_male_Asian_51
000640,female,Asian,57,000640_female_Asian_57
001445,male,Asian,57,001445_male_Asian_57
003430,female,Asian,52,003430_female_Asian_52
006354,female,Asian,18,006354_female_Asian_18
001544,female,Asian,25,001544_female_Asian_25
006725,male,Asian,19,006725_male_Asian_19
000545,female,Asian,58,000545_female_Asian_58
005090,female,Asian,55,005090_female_Asian_55
001417,male,Asian,58,001417_male_Asian_58
000721,female,Asian,53,000721_female_Asian_53
003789,male,Asian,41,003789_male_Asian_41
006343,female,Asian,18,006343_female_Asian_18
000755,female,Asian,53,000755_female_Asian_53
003593,male,Asian,58,003593_male_Asian_58
001334,female,Asian,24,001334_female_Asian_24
006267,female,Asian,20,006267_female_Asian_20
000619,female,Asian,56,000619_female_Asian_56
003775,female,Asian,29,003775_female_Asian_29
001394,male,Asian,25,001394_male_Asian_25
006543,female,Asian,21,006543_female_Asian_21
006090,male,Asian,19,006090_male_Asian_19
000278,female,Asian,54,000278_female_Asian_54
001799,female,Asian,25,001799_female_Asian_25
000633,female,Asian,59,000633_female_Asian_59
006423,female,Asian,18,006423_female_Asian_18
005480,female,Asian,24,005480_female_Asian_24
000212,female,Asian,51,000212_female_Asian_51
005224,male,Asian,21,005224_male_Asian_21
001477,male,Asian,57,001477_male_Asian_57
000600-1,female,Asian,54,000600-1_female_Asian_54
005154,male,Asian,35,005154_male_Asian_35
001047-1,male,Asian,20,001047-1_male_Asian_20
004451,female,Asian,58,004451_female_Asian_58
006428,female,Asian,18,006428_female_Asian_18
005272,male,Asian,20,005272_male_Asian_20
006135,male,Asian,19,006135_male_Asian_19
001124,male,Asian,30,001124_male_Asian_30
003891,female,Asian,31,003891_female_Asian_31
000662,female,Asian,53,000662_female_Asian_53
000738,female,Asian,53,000738_female_Asian_53
000539,female,Asian,54,000539_female_Asian_54
003563,male,Asian,60,003563_male_Asian_60
003323,female,Asian,19,003323_female_Asian_19
000241,male,Asian,56,000241_male_Asian_56
001026,male,Asian,57,001026_male_Asian_57
005213,male,Asian,24,005213_male_Asian_24
001722,male,Asian,30,001722_male_Asian_30
005138,male,Asian,30,005138_male_Asian_30
003342,female,Asian,20,003342_female_Asian_20
005005,female,Asian,28,005005_female_Asian_28
000075,female,Asian,56,000075_female_Asian_56
000824,female,Asian,55,000824_female_Asian_55
001014,male,Asian,19,001014_male_Asian_19
006089,male,Asian,18,006089_male_Asian_18
006566,female,Asian,19,006566_female_Asian_19
000684,female,Asian,56,000684_female_Asian_56
000831,female,Asian,55,000831_female_Asian_55
003357,female,Asian,20,003357_female_Asian_20
006511,male,Asian,19,006511_male_Asian_19
006175,female,Asian,18,006175_female_Asian_18
006400,female,Asian,18,006400_female_Asian_18
001461,female,Asian,50,001461_female_Asian_50
006212,male,Asian,19,006212_male_Asian_19
003502,male,Asian,41,003502_male_Asian_41
001713,female,Asian,53,001713_female_Asian_53
003566,male,Asian,53,003566_male_Asian_53
005146,female,Asian,40,005146_female_Asian_40
006636,female,Asian,19,006636_female_Asian_19
003066,female,Asian,19,003066_female_Asian_19
001601,female,Asian,50,001601_female_Asian_50
003587,female,Asian,58,003587_female_Asian_58
001525,female,Asian,60,001525_female_Asian_60
000618,male,Asian,37,000618_male_Asian_37
003093,female,Asian,19,003093_female_Asian_19
005234,male,Asian,22,005234_male_Asian_22
003740,female,Asian,50,003740_female_Asian_50
000741,female,Asian,50,000741_female_Asian_50
003483,male,Asian,56,003483_male_Asian_56
004072,male,Asian,55,004072_male_Asian_55
001516,female,Asian,57,001516_female_Asian_57
005270,male,Asian,20,005270_male_Asian_20
001718,male,Asian,55,001718_male_Asian_55
006455,female,Asian,18,006455_female_Asian_18
003887,female,Asian,32,003887_female_Asian_32
006347,female,Asian,18,006347_female_Asian_18
004207,male,Asian,18,004207_male_Asian_18
005252,male,Asian,21,005252_male_Asian_21
000344,female,Asian,57,000344_female_Asian_57
006083,male,Asian,18,006083_male_Asian_18
001808,male,Asian,55,001808_male_Asian_55
001177,female,Asian,20,001177_female_Asian_20
001585,female,Asian,57,001585_female_Asian_57
006564,male,Asian,19,006564_male_Asian_19
003026,female,Asian,20,003026_female_Asian_20
003682,male,Asian,57,003682_male_Asian_57
005403,female,Asian,21,005403_female_Asian_21
006661,male,Asian,19,006661_male_Asian_19
003274,female,Asian,20,003274_female_Asian_20
005033,male,Asian,60,005033_male_Asian_60
005271,male,Asian,20,005271_male_Asian_20
003099,female,Asian,20,003099_female_Asian_20
005478,female,Asian,43,005478_female_Asian_43
001767,female,Asian,50,001767_female_Asian_50
006414,female,Asian,18,006414_female_Asian_18
000743,female,Asian,51,000743_female_Asian_51
004394,male,Asian,53,004394_male_Asian_53
003073,female,Asian,19,003073_female_Asian_19
006142,male,Asian,19,006142_male_Asian_19
005449,female,Asian,48,005449_female_Asian_48
004093,female,Asian,58,004093_female_Asian_58
003285,female,Asian,20,003285_female_Asian_20
001534,male,Asian,20,001534_male_Asian_20
006498,female,Asian,18,006498_female_Asian_18
001224,female,Asian,24,001224_female_Asian_24
003317,female,Asian,19,003317_female_Asian_19
001839,male,Asian,26,001839_male_Asian_26
000766,female,Asian,53,000766_female_Asian_53
000563,female,Asian,58,000563_female_Asian_58
004413,male,Asian,18,004413_male_Asian_18
003945,male,Asian,53,003945_male_Asian_53
000663,female,Asian,57,000663_female_Asian_57
001766,female,Asian,53,001766_female_Asian_53
003181,female,Asian,19,003181_female_Asian_19
001892,female,Asian,52,001892_female_Asian_52
006924,male,Asian,19,006924_male_Asian_19
006361,female,Asian,18,006361_female_Asian_18
000381,female,Asian,59,000381_female_Asian_59
001163,male,Asian,23,001163_male_Asian_23
003001,female,Asian,19,003001_female_Asian_19
003162,female,Asian,19,003162_female_Asian_19
004378,female,Asian,57,004378_female_Asian_57
004217,female,Asian,60,004217_female_Asian_60
004321,female,Asian,59,004321_female_Asian_59
001217,female,Asian,25,001217_female_Asian_25
006359,female,Asian,18,006359_female_Asian_18
001347,female,Asian,22,001347_female_Asian_22
005521,female,Asian,50,005521_female_Asian_50
001175,male,Asian,60,001175_male_Asian_60
001735,male,Asian,53,001735_male_Asian_53
003791,female,Asian,50,003791_female_Asian_50
006500,female,Asian,18,006500_female_Asian_18
003022,female,Asian,19,003022_female_Asian_19
003452,female,Asian,48,003452_female_Asian_48
003036,female,Asian,19,003036_female_Asian_19
003046,female,Asian,20,003046_female_Asian_20
000770,female,Asian,50,000770_female_Asian_50
001005,male,Asian,24,001005_male_Asian_24
005545,male,Asian,53,005545_male_Asian_53
001984,female,Asian,33,001984_female_Asian_33
005043,female,Asian,43,005043_female_Asian_43
001289,female,Asian,23,001289_female_Asian_23
001200,male,Asian,24,001200_male_Asian_24
001906,female,Asian,50,001906_female_Asian_50
004455,female,Asian,55,004455_female_Asian_55
003577,male,Asian,60,003577_male_Asian_60
001323,male,Asian,24,001323_male_Asian_24
000004,male,Asian,54,000004_male_Asian_54
006488,female,Asian,18,006488_female_Asian_18
006441,female,Asian,18,006441_female_Asian_18
004220,female,Asian,56,004220_female_Asian_56
006449,female,Asian,18,006449_female_Asian_18
000620,female,Asian,51,000620_female_Asian_51
000670,female,Asian,51,000670_female_Asian_51
005232,male,Asian,18,005232_male_Asian_18
005229,male,Asian,20,005229_male_Asian_20
006219,male,Asian,20,006219_male_Asian_20
001165,female,Asian,44,001165_female_Asian_44
005436,female,Asian,52,005436_female_Asian_52
005415,female,Asian,50,005415_female_Asian_50
000765,female,Asian,57,000765_female_Asian_57
001550,male,Asian,28,001550_male_Asian_28
000021,female,Asian,54,000021_female_Asian_54
000221,female,Asian,40,000221_female_Asian_40
003480,female,Asian,53,003480_female_Asian_53
003060,female,Asian,19,003060_female_Asian_19
001080,female,Asian,23,001080_female_Asian_23
003374,female,Asian,20,003374_female_Asian_20
001660,female,Asian,18,001660_female_Asian_18
006131,male,Asian,20,006131_male_Asian_20
005555,male,Asian,48,005555_male_Asian_48
004308,female,Asian,53,004308_female_Asian_53
003231,female,Asian,19,003231_female_Asian_19
004232,female,Asian,60,004232_female_Asian_60
006338,female,Asian,18,006338_female_Asian_18
000236,male,Asian,51,000236_male_Asian_51
005412,female,Asian,60,005412_female_Asian_60
001125,female,Asian,27,001125_female_Asian_27
005463,female,Asian,48,005463_female_Asian_48
000658,male,Asian,58,000658_male_Asian_58
000715,female,Asian,56,000715_female_Asian_56
000736,female,Asian,53,000736_female_Asian_53
001133,male,Asian,56,001133_male_Asian_56
001922,male,Asian,42,001922_male_Asian_42
001621,female,Asian,34,001621_female_Asian_34
000829,female,Asian,55,000829_female_Asian_55
001320,male,Asian,26,001320_male_Asian_26
000593,female,Asian,58,000593_female_Asian_58
006473,female,Asian,18,006473_female_Asian_18
006216,male,Asian,19,006216_male_Asian_19
004291,female,Asian,60,004291_female_Asian_60
003596,female,Asian,59,003596_female_Asian_59
003543,male,Asian,55,003543_male_Asian_55
000025,female,Asian,49,000025_female_Asian_49
003348,female,Asian,20,003348_female_Asian_20
003653,male,Asian,54,003653_male_Asian_54
000039,female,Asian,57,000039_female_Asian_57
001157,female,Asian,24,001157_female_Asian_24
003173,female,Asian,20,003173_female_Asian_20
001006,female,Asian,19,001006_female_Asian_19
001095,male,Asian,25,001095_male_Asian_25
006056,female,Asian,19,006056_female_Asian_19
001263,male,Asian,33,001263_male_Asian_33
006606,male,Asian,19,006606_male_Asian_19
003481,female,Asian,56,003481_female_Asian_56
003418,female,Asian,53,003418_female_Asian_53
001336,male,Asian,26,001336_male_Asian_26
006738,male,Asian,19,006738_male_Asian_19
003133,female,Asian,19,003133_female_Asian_19
005119,male,Asian,19,005119_male_Asian_19
004205,female,Asian,20,004205_female_Asian_20
000348,male,Asian,58,000348_male_Asian_58
006959,male,Asian,19,006959_male_Asian_19
006463,female,Asian,18,006463_female_Asian_18
001049,female,Asian,55,001049_female_Asian_55
005558,male,Asian,52,005558_male_Asian_52
000268,male,Asian,59,000268_male_Asian_59
003530,male,Asian,53,003530_male_Asian_53
001274,female,Asian,23,001274_female_Asian_23
003340,female,Asian,20,003340_female_Asian_20
006240,male,Asian,20,006240_male_Asian_20
004215,female,Asian,60,004215_female_Asian_60
005525,female,Asian,39,005525_female_Asian_39
001424,male,Asian,55,001424_male_Asian_55
003023,female,Asian,20,003023_female_Asian_20
003755,male,Asian,52,003755_male_Asian_52
001502,female,Asian,18,001502_female_Asian_18
000748-1,female,Asian,54,000748-1_female_Asian_54
003748,male,Asian,50,003748_male_Asian_50
001077,male,Asian,19,001077_male_Asian_19
003033,female,Asian,19,003033_female_Asian_19
003501,male,Asian,56,003501_male_Asian_56
005424,male,Asian,36,005424_male_Asian_36
005087,female,Asian,33,005087_female_Asian_33
006231,male,Asian,20,006231_male_Asian_20
000228,female,Asian,56,000228_female_Asian_56
001366,male,Asian,24,001366_male_Asian_24
004421,male,Asian,30,004421_male_Asian_30
003733,male,Asian,58,003733_male_Asian_58
006670,male,Asian,19,006670_male_Asian_19
005429,female,Asian,42,005429_female_Asian_42
006258,female,Asian,20,006258_female_Asian_20
004325,female,Asian,42,004325_female_Asian_42
003669,male,Asian,59,003669_male_Asian_59
003134,female,Asian,20,003134_female_Asian_20
000522,female,Asian,51,000522_female_Asian_51
001066,female,Asian,25,001066_female_Asian_25
004264,female,Asian,60,004264_female_Asian_60
003297,female,Asian,20,003297_female_Asian_20
000206,female,Asian,57,000206_female_Asian_57
004221,male,Asian,56,004221_male_Asian_56
005530,female,Asian,19,005530_female_Asian_19
003521,male,Asian,58,003521_male_Asian_58
005145,female,Asian,30,005145_female_Asian_30
003708,female,Asian,56,003708_female_Asian_56
003388,female,Asian,20,003388_female_Asian_20
000769,female,Asian,56,000769_female_Asian_56
006452,female,Asian,18,006452_female_Asian_18
006551,female,Asian,20,006551_female_Asian_20
001758,male,Asian,55,001758_male_Asian_55
005468,female,Asian,26,005468_female_Asian_26
003752,female,Asian,44,003752_female_Asian_44
000692,female,Asian,55,000692_female_Asian_55
003574,male,Asian,54,003574_male_Asian_54
003926,male,Asian,57,003926_male_Asian_57
004363,female,Asian,60,004363_female_Asian_60
003095,female,Asian,20,003095_female_Asian_20
006514,male,Asian,20,006514_male_Asian_20
003878,male,Asian,56,003878_male_Asian_56
003509-1,male,Asian,57,003509-1_male_Asian_57
001734,male,Asian,23,001734_male_Asian_23
001661,female,Asian,45,001661_female_Asian_45
001061,male,Asian,25,001061_male_Asian_25
001505,female,Asian,24,001505_female_Asian_24
004462,female,Asian,58,004462_female_Asian_58
001714,female,Asian,35,001714_female_Asian_35
000562,female,Asian,58,000562_female_Asian_58
001065,male,Asian,26,001065_male_Asian_26
000292,female,Asian,57,000292_female_Asian_57
003269,female,Asian,19,003269_female_Asian_19
004313,female,Asian,56,004313_female_Asian_56
005441,male,Asian,50,005441_male_Asian_50
001098,male,Asian,23,001098_male_Asian_23
001757,female,Asian,45,001757_female_Asian_45
000559,female,Asian,59,000559_female_Asian_59
000520,female,Asian,59,000520_female_Asian_59
000590,male,Asian,52,000590_male_Asian_52
000376,female,Asian,59,000376_female_Asian_59
000661,male,Asian,55,000661_male_Asian_55
004432,male,Asian,43,004432_male_Asian_43
006443,female,Asian,18,006443_female_Asian_18
005559,male,Asian,52,005559_male_Asian_52
006137,male,Asian,19,006137_male_Asian_19
003578,female,Asian,51,003578_female_Asian_51
001561,male,Asian,20,001561_male_Asian_20
003191,female,Asian,18,003191_female_Asian_18
000646,female,Asian,51,000646_female_Asian_51
001132-1,male,Asian,25,001132-1_male_Asian_25
000767,female,Asian,56,000767_female_Asian_56
000700,female,Asian,50,000700_female_Asian_50
001557,female,Asian,23,001557_female_Asian_23
005015,female,Asian,59,005015_female_Asian_59
006023,male,Asian,18,006023_male_Asian_18
001079,female,Asian,23,001079_female_Asian_23
006491,female,Asian,18,006491_female_Asian_18
000547,female,Asian,55,000547_female_Asian_55
006344,female,Asian,18,006344_female_Asian_18
004465,female,Asian,50,004465_female_Asian_50
003064,female,Asian,20,003064_female_Asian_20
000781,male,Asian,51,000781_male_Asian_51
004380,female,Asian,60,004380_female_Asian_60
005500,female,Asian,49,005500_female_Asian_49
004239,female,Asian,60,004239_female_Asian_60
003524,male,Asian,56,003524_male_Asian_56
000758,female,Asian,56,000758_female_Asian_56
004326,female,Asian,19,004326_female_Asian_19
001709,female,Asian,46,001709_female_Asian_46
001775-1,female,Asian,50,001775-1_female_Asian_50
001524,female,Asian,25,001524_female_Asian_25
003459,female,Asian,48,003459_female_Asian_48
003015,female,Asian,19,003015_female_Asian_19
000637,female,Asian,50,000637_female_Asian_50
000609,male,Asian,57,000609_male_Asian_57
005223,male,Asian,22,005223_male_Asian_22
003885,female,Asian,52,003885_female_Asian_52
004332,female,Asian,60,004332_female_Asian_60
001245,female,Asian,23,001245_female_Asian_23
000775,male,Asian,56,000775_male_Asian_56
006159,male,Asian,20,006159_male_Asian_20
004322,female,Asian,60,004322_female_Asian_60
004203,male,Asian,19,004203_male_Asian_19
006589,female,Asian,20,006589_female_Asian_20
001321,female,Asian,27,001321_female_Asian_27
004431,female,Asian,23,004431_female_Asian_23
000812,male,Asian,55,000812_male_Asian_55
001357,female,Asian,25,001357_female_Asian_25
001774-1,female,Asian,52,001774-1_female_Asian_52
004086,male,Asian,56,004086_male_Asian_56
003132,female,Asian,19,003132_female_Asian_19
005476,female,Asian,43,005476_female_Asian_43
005065,female,Asian,49,005065_female_Asian_49
001187-1,male,Asian,25,001187-1_male_Asian_25
003435,female,Asian,52,003435_female_Asian_52
005537,male,Asian,50,005537_male_Asian_50
006065,female,Asian,19,006065_female_Asian_19
000516,female,Asian,52,000516_female_Asian_52
003610,male,Asian,57,003610_male_Asian_57
001266,female,Asian,24,001266_female_Asian_24
001040,male,Asian,30,001040_male_Asian_30
000541,female,Asian,35,000541_female_Asian_35
003639,male,Asian,60,003639_male_Asian_60
